[debug] [2025-10-03T02:58:28.106Z] ----------------------------------------------------------------------
[debug] [2025-10-03T02:58:28.244Z] Command:       /usr/bin/node /home/ellisgang8819/.npm-global/bin/firebase deploy --only functions:api
[debug] [2025-10-03T02:58:28.245Z] CLI Version:   14.17.0
[debug] [2025-10-03T02:58:28.246Z] Platform:      linux
[debug] [2025-10-03T02:58:28.246Z] Node Version:  v20.19.5
[debug] [2025-10-03T02:58:28.246Z] Time:          Thu Oct 02 2025 21:58:28 GMT-0500 (Central Daylight Time)
[debug] [2025-10-03T02:58:28.247Z] ----------------------------------------------------------------------
[debug] 
[debug] [2025-10-03T02:58:29.969Z] > command requires scopes: ["email","openid","https://www.googleapis.com/auth/cloudplatformprojects.readonly","https://www.googleapis.com/auth/firebase","https://www.googleapis.com/auth/cloud-platform"]
[debug] [2025-10-03T02:58:29.970Z] > authorizing via signed-in user (ellisgang8819@gmail.com)
[debug] [2025-10-03T02:58:29.973Z] [iam] checking project tradehustleresumebuilder for permissions ["cloudfunctions.functions.create","cloudfunctions.functions.delete","cloudfunctions.functions.get","cloudfunctions.functions.list","cloudfunctions.functions.update","cloudfunctions.operations.get","firebase.projects.get"]
[debug] [2025-10-03T02:58:29.985Z] Checked if tokens are valid: true, expires at: 1759463812949
[debug] [2025-10-03T02:58:29.985Z] Checked if tokens are valid: true, expires at: 1759463812949
[debug] [2025-10-03T02:58:29.988Z] >>> [apiv2][query] POST https://cloudresourcemanager.googleapis.com/v1/projects/tradehustleresumebuilder:testIamPermissions [none]
[debug] [2025-10-03T02:58:29.993Z] >>> [apiv2][(partial)header] POST https://cloudresourcemanager.googleapis.com/v1/projects/tradehustleresumebuilder:testIamPermissions x-goog-quota-user=projects/tradehustleresumebuilder
[debug] [2025-10-03T02:58:29.994Z] >>> [apiv2][body] POST https://cloudresourcemanager.googleapis.com/v1/projects/tradehustleresumebuilder:testIamPermissions {"permissions":["cloudfunctions.functions.create","cloudfunctions.functions.delete","cloudfunctions.functions.get","cloudfunctions.functions.list","cloudfunctions.functions.update","cloudfunctions.operations.get","firebase.projects.get"]}
[debug] [2025-10-03T02:58:31.020Z] <<< [apiv2][status] POST https://cloudresourcemanager.googleapis.com/v1/projects/tradehustleresumebuilder:testIamPermissions 200
[debug] [2025-10-03T02:58:31.027Z] <<< [apiv2][body] POST https://cloudresourcemanager.googleapis.com/v1/projects/tradehustleresumebuilder:testIamPermissions {"permissions":["cloudfunctions.functions.create","cloudfunctions.functions.delete","cloudfunctions.functions.get","cloudfunctions.functions.list","cloudfunctions.functions.update","cloudfunctions.operations.get","firebase.projects.get"]}
[debug] [2025-10-03T02:58:31.028Z] Checked if tokens are valid: true, expires at: 1759463812949
[debug] [2025-10-03T02:58:31.031Z] Checked if tokens are valid: true, expires at: 1759463812949
[debug] [2025-10-03T02:58:31.033Z] >>> [apiv2][query] POST https://iam.googleapis.com/v1/projects/tradehustleresumebuilder/serviceAccounts/tradehustleresumebuilder@appspot.gserviceaccount.com:testIamPermissions [none]
[debug] [2025-10-03T02:58:31.034Z] >>> [apiv2][body] POST https://iam.googleapis.com/v1/projects/tradehustleresumebuilder/serviceAccounts/tradehustleresumebuilder@appspot.gserviceaccount.com:testIamPermissions {"permissions":["iam.serviceAccounts.actAs"]}
[debug] [2025-10-03T02:58:32.759Z] <<< [apiv2][status] POST https://iam.googleapis.com/v1/projects/tradehustleresumebuilder/serviceAccounts/tradehustleresumebuilder@appspot.gserviceaccount.com:testIamPermissions 200
[debug] [2025-10-03T02:58:32.759Z] <<< [apiv2][body] POST https://iam.googleapis.com/v1/projects/tradehustleresumebuilder/serviceAccounts/tradehustleresumebuilder@appspot.gserviceaccount.com:testIamPermissions {"permissions":["iam.serviceAccounts.actAs"]}
[info] 
[info] === Deploying to 'tradehustleresumebuilder'...
[info] 
[info] i  deploying functions 
[info] Running command: npm --prefix "$RESOURCE_DIR" run lint
[info] ✔  functions: Finished running predeploy script. 
[debug] [2025-10-03T02:58:39.032Z] Checked if tokens are valid: true, expires at: 1759463812949
[debug] [2025-10-03T02:58:39.032Z] Checked if tokens are valid: true, expires at: 1759463812949
[debug] [2025-10-03T02:58:39.033Z] >>> [apiv2][query] GET https://cloudresourcemanager.googleapis.com/v1/projects/tradehustleresumebuilder [none]
[debug] [2025-10-03T02:58:40.404Z] <<< [apiv2][status] GET https://cloudresourcemanager.googleapis.com/v1/projects/tradehustleresumebuilder 200
[debug] [2025-10-03T02:58:40.404Z] <<< [apiv2][body] GET https://cloudresourcemanager.googleapis.com/v1/projects/tradehustleresumebuilder {"projectNumber":"190054658629","projectId":"tradehustleresumebuilder","lifecycleState":"ACTIVE","name":"TradeHustleResumeBuilder","labels":{"firebase":"enabled","firebase-core":"disabled"},"createTime":"2025-09-12T05:26:51.603565Z"}
[info] i  functions: preparing codebase api for deployment 
[info] i  functions: ensuring required API cloudfunctions.googleapis.com is enabled... 
[info] i  functions: ensuring required API cloudbuild.googleapis.com is enabled... 
[info] i  artifactregistry: ensuring required API artifactregistry.googleapis.com is enabled... 
[debug] [2025-10-03T02:58:40.412Z] Checked if tokens are valid: true, expires at: 1759463812949
[debug] [2025-10-03T02:58:40.413Z] Checked if tokens are valid: true, expires at: 1759463812949
[debug] [2025-10-03T02:58:40.413Z] >>> [apiv2][query] GET https://firebase.googleapis.com/v1beta1/projects/tradehustleresumebuilder/adminSdkConfig [none]
[debug] [2025-10-03T02:58:42.562Z] <<< [apiv2][status] GET https://firebase.googleapis.com/v1beta1/projects/tradehustleresumebuilder/adminSdkConfig 200
[debug] [2025-10-03T02:58:42.562Z] <<< [apiv2][body] GET https://firebase.googleapis.com/v1beta1/projects/tradehustleresumebuilder/adminSdkConfig {"projectId":"tradehustleresumebuilder","storageBucket":"tradehustleresumebuilder.firebasestorage.app"}
[debug] [2025-10-03T02:58:42.563Z] Checked if tokens are valid: true, expires at: 1759463812949
[debug] [2025-10-03T02:58:42.564Z] Checked if tokens are valid: true, expires at: 1759463812949
[debug] [2025-10-03T02:58:42.564Z] >>> [apiv2][query] GET https://runtimeconfig.googleapis.com/v1beta1/projects/tradehustleresumebuilder/configs [none]
[debug] [2025-10-03T02:58:44.716Z] <<< [apiv2][status] GET https://runtimeconfig.googleapis.com/v1beta1/projects/tradehustleresumebuilder/configs 200
[debug] [2025-10-03T02:58:44.718Z] <<< [apiv2][body] GET https://runtimeconfig.googleapis.com/v1beta1/projects/tradehustleresumebuilder/configs {"configs":[{"name":"projects/tradehustleresumebuilder/configs/google"},{"name":"projects/tradehustleresumebuilder/configs/oauth"},{"name":"projects/tradehustleresumebuilder/configs/recaptcha"},{"name":"projects/tradehustleresumebuilder/configs/runtime"},{"name":"projects/tradehustleresumebuilder/configs/gmail"}]}
[debug] [2025-10-03T02:58:44.719Z] Checked if tokens are valid: true, expires at: 1759463812949
[debug] [2025-10-03T02:58:44.720Z] Checked if tokens are valid: true, expires at: 1759463812949
[debug] [2025-10-03T02:58:44.721Z] Checked if tokens are valid: true, expires at: 1759463812949
[debug] [2025-10-03T02:58:44.722Z] Checked if tokens are valid: true, expires at: 1759463812949
[debug] [2025-10-03T02:58:44.722Z] Checked if tokens are valid: true, expires at: 1759463812949
[debug] [2025-10-03T02:58:44.722Z] Checked if tokens are valid: true, expires at: 1759463812949
[debug] [2025-10-03T02:58:44.723Z] Checked if tokens are valid: true, expires at: 1759463812949
[debug] [2025-10-03T02:58:44.723Z] Checked if tokens are valid: true, expires at: 1759463812949
[debug] [2025-10-03T02:58:44.723Z] Checked if tokens are valid: true, expires at: 1759463812949
[debug] [2025-10-03T02:58:44.723Z] Checked if tokens are valid: true, expires at: 1759463812949
[debug] [2025-10-03T02:58:44.730Z] >>> [apiv2][query] GET https://runtimeconfig.googleapis.com/v1beta1/projects/tradehustleresumebuilder/configs/google/variables [none]
[debug] [2025-10-03T02:58:44.734Z] >>> [apiv2][query] GET https://runtimeconfig.googleapis.com/v1beta1/projects/tradehustleresumebuilder/configs/oauth/variables [none]
[debug] [2025-10-03T02:58:44.739Z] >>> [apiv2][query] GET https://runtimeconfig.googleapis.com/v1beta1/projects/tradehustleresumebuilder/configs/recaptcha/variables [none]
[debug] [2025-10-03T02:58:44.744Z] >>> [apiv2][query] GET https://runtimeconfig.googleapis.com/v1beta1/projects/tradehustleresumebuilder/configs/runtime/variables [none]
[debug] [2025-10-03T02:58:44.748Z] >>> [apiv2][query] GET https://runtimeconfig.googleapis.com/v1beta1/projects/tradehustleresumebuilder/configs/gmail/variables [none]
[debug] [2025-10-03T02:58:45.404Z] <<< [apiv2][status] GET https://runtimeconfig.googleapis.com/v1beta1/projects/tradehustleresumebuilder/configs/google/variables 200
[debug] [2025-10-03T02:58:45.417Z] <<< [apiv2][body] GET https://runtimeconfig.googleapis.com/v1beta1/projects/tradehustleresumebuilder/configs/google/variables {"variables":[{"name":"projects/tradehustleresumebuilder/configs/google/variables/api_key","updateTime":"2025-09-27T17:41:14.062825167Z"}]}
[debug] [2025-10-03T02:58:45.431Z] Checked if tokens are valid: true, expires at: 1759463812949
[debug] [2025-10-03T02:58:45.474Z] Checked if tokens are valid: true, expires at: 1759463812949
[debug] [2025-10-03T02:58:45.475Z] >>> [apiv2][query] GET https://runtimeconfig.googleapis.com/v1beta1/projects/tradehustleresumebuilder/configs/google/variables/api_key [none]
[debug] [2025-10-03T02:58:45.955Z] <<< [apiv2][status] GET https://runtimeconfig.googleapis.com/v1beta1/projects/tradehustleresumebuilder/configs/google/variables/api_key 200
[debug] [2025-10-03T02:58:45.978Z] <<< [apiv2][body] GET https://runtimeconfig.googleapis.com/v1beta1/projects/tradehustleresumebuilder/configs/google/variables/api_key {"name":"projects/tradehustleresumebuilder/configs/google/variables/api_key","updateTime":"2025-09-27T17:41:14.062825167Z","text":"YOUR_GEMINI_KEY"}
[debug] [2025-10-03T02:58:46.557Z] <<< [apiv2][status] GET https://runtimeconfig.googleapis.com/v1beta1/projects/tradehustleresumebuilder/configs/gmail/variables 200
[debug] [2025-10-03T02:58:46.560Z] <<< [apiv2][body] GET https://runtimeconfig.googleapis.com/v1beta1/projects/tradehustleresumebuilder/configs/gmail/variables {"variables":[{"name":"projects/tradehustleresumebuilder/configs/gmail/variables/pass","updateTime":"2025-09-27T17:41:21.424846734Z"},{"name":"projects/tradehustleresumebuilder/configs/gmail/variables/user","updateTime":"2025-09-27T17:41:18.994698566Z"}]}
[debug] [2025-10-03T02:58:46.561Z] Checked if tokens are valid: true, expires at: 1759463812949
[debug] [2025-10-03T02:58:46.561Z] Checked if tokens are valid: true, expires at: 1759463812949
[debug] [2025-10-03T02:58:46.561Z] Checked if tokens are valid: true, expires at: 1759463812949
[debug] [2025-10-03T02:58:46.561Z] Checked if tokens are valid: true, expires at: 1759463812949
[debug] [2025-10-03T02:58:46.564Z] >>> [apiv2][query] GET https://runtimeconfig.googleapis.com/v1beta1/projects/tradehustleresumebuilder/configs/gmail/variables/pass [none]
[debug] [2025-10-03T02:58:46.570Z] >>> [apiv2][query] GET https://runtimeconfig.googleapis.com/v1beta1/projects/tradehustleresumebuilder/configs/gmail/variables/user [none]
[debug] [2025-10-03T02:58:46.624Z] <<< [apiv2][status] GET https://runtimeconfig.googleapis.com/v1beta1/projects/tradehustleresumebuilder/configs/recaptcha/variables 200
[debug] [2025-10-03T02:58:46.628Z] <<< [apiv2][body] GET https://runtimeconfig.googleapis.com/v1beta1/projects/tradehustleresumebuilder/configs/recaptcha/variables {"variables":[{"name":"projects/tradehustleresumebuilder/configs/recaptcha/variables/secret","updateTime":"2025-09-27T03:23:48.539177917Z"},{"name":"projects/tradehustleresumebuilder/configs/recaptcha/variables/secret_key","updateTime":"2025-09-28T01:02:20.879950981Z"}]}
[debug] [2025-10-03T02:58:46.631Z] Checked if tokens are valid: true, expires at: 1759463812949
[debug] [2025-10-03T02:58:46.631Z] Checked if tokens are valid: true, expires at: 1759463812949
[debug] [2025-10-03T02:58:46.631Z] Checked if tokens are valid: true, expires at: 1759463812949
[debug] [2025-10-03T02:58:46.631Z] Checked if tokens are valid: true, expires at: 1759463812949
[debug] [2025-10-03T02:58:46.632Z] >>> [apiv2][query] GET https://runtimeconfig.googleapis.com/v1beta1/projects/tradehustleresumebuilder/configs/recaptcha/variables/secret [none]
[debug] [2025-10-03T02:58:46.662Z] >>> [apiv2][query] GET https://runtimeconfig.googleapis.com/v1beta1/projects/tradehustleresumebuilder/configs/recaptcha/variables/secret_key [none]
[debug] [2025-10-03T02:58:46.898Z] <<< [apiv2][status] GET https://runtimeconfig.googleapis.com/v1beta1/projects/tradehustleresumebuilder/configs/oauth/variables 200
[debug] [2025-10-03T02:58:46.901Z] <<< [apiv2][body] GET https://runtimeconfig.googleapis.com/v1beta1/projects/tradehustleresumebuilder/configs/oauth/variables {"variables":[{"name":"projects/tradehustleresumebuilder/configs/oauth/variables/google_client_id","updateTime":"2025-09-16T18:49:31.294155512Z"},{"name":"projects/tradehustleresumebuilder/configs/oauth/variables/google_client_secret","updateTime":"2025-09-16T18:49:31.994982217Z"}]}
[debug] [2025-10-03T02:58:46.902Z] Checked if tokens are valid: true, expires at: 1759463812949
[debug] [2025-10-03T02:58:46.902Z] Checked if tokens are valid: true, expires at: 1759463812949
[debug] [2025-10-03T02:58:46.902Z] Checked if tokens are valid: true, expires at: 1759463812949
[debug] [2025-10-03T02:58:46.903Z] Checked if tokens are valid: true, expires at: 1759463812949
[debug] [2025-10-03T02:58:46.903Z] >>> [apiv2][query] GET https://runtimeconfig.googleapis.com/v1beta1/projects/tradehustleresumebuilder/configs/oauth/variables/google_client_id [none]
[debug] [2025-10-03T02:58:46.905Z] >>> [apiv2][query] GET https://runtimeconfig.googleapis.com/v1beta1/projects/tradehustleresumebuilder/configs/oauth/variables/google_client_secret [none]
[debug] [2025-10-03T02:58:46.961Z] <<< [apiv2][status] GET https://runtimeconfig.googleapis.com/v1beta1/projects/tradehustleresumebuilder/configs/runtime/variables 200
[debug] [2025-10-03T02:58:46.962Z] <<< [apiv2][body] GET https://runtimeconfig.googleapis.com/v1beta1/projects/tradehustleresumebuilder/configs/runtime/variables {"variables":[{"name":"projects/tradehustleresumebuilder/configs/runtime/variables/permissions/invoker","updateTime":"2025-09-28T01:27:38.756755927Z"}]}
[debug] [2025-10-03T02:58:46.962Z] Checked if tokens are valid: true, expires at: 1759463812949
[debug] [2025-10-03T02:58:46.962Z] Checked if tokens are valid: true, expires at: 1759463812949
[debug] [2025-10-03T02:58:46.963Z] >>> [apiv2][query] GET https://runtimeconfig.googleapis.com/v1beta1/projects/tradehustleresumebuilder/configs/runtime/variables/permissions/invoker [none]
[debug] [2025-10-03T02:58:47.490Z] <<< [apiv2][status] GET https://runtimeconfig.googleapis.com/v1beta1/projects/tradehustleresumebuilder/configs/recaptcha/variables/secret 200
[debug] [2025-10-03T02:58:47.491Z] <<< [apiv2][body] GET https://runtimeconfig.googleapis.com/v1beta1/projects/tradehustleresumebuilder/configs/recaptcha/variables/secret {"name":"projects/tradehustleresumebuilder/configs/recaptcha/variables/secret","updateTime":"2025-09-27T03:23:48.539177917Z","text":"your_recaptcha_secret_key_here"}
[debug] [2025-10-03T02:58:47.517Z] <<< [apiv2][status] GET https://runtimeconfig.googleapis.com/v1beta1/projects/tradehustleresumebuilder/configs/gmail/variables/user 200
[debug] [2025-10-03T02:58:47.520Z] <<< [apiv2][body] GET https://runtimeconfig.googleapis.com/v1beta1/projects/tradehustleresumebuilder/configs/gmail/variables/user {"name":"projects/tradehustleresumebuilder/configs/gmail/variables/user","updateTime":"2025-09-27T17:41:18.994698566Z","text":"YOUR_GMAIL_USER"}
[debug] [2025-10-03T02:58:47.531Z] <<< [apiv2][status] GET https://runtimeconfig.googleapis.com/v1beta1/projects/tradehustleresumebuilder/configs/gmail/variables/pass 200
[debug] [2025-10-03T02:58:47.537Z] <<< [apiv2][body] GET https://runtimeconfig.googleapis.com/v1beta1/projects/tradehustleresumebuilder/configs/gmail/variables/pass {"name":"projects/tradehustleresumebuilder/configs/gmail/variables/pass","updateTime":"2025-09-27T17:41:21.424846734Z","text":"YOUR_GMAIL_PASS"}
[debug] [2025-10-03T02:58:47.557Z] <<< [apiv2][status] GET https://runtimeconfig.googleapis.com/v1beta1/projects/tradehustleresumebuilder/configs/oauth/variables/google_client_id 200
[debug] [2025-10-03T02:58:47.557Z] <<< [apiv2][body] GET https://runtimeconfig.googleapis.com/v1beta1/projects/tradehustleresumebuilder/configs/oauth/variables/google_client_id {"name":"projects/tradehustleresumebuilder/configs/oauth/variables/google_client_id","updateTime":"2025-09-16T18:49:31.294155512Z","text":"190054658629-n6nal73kjg1518k23f4enll0shvi03dq.apps.googleusercontent.com"}
[debug] [2025-10-03T02:58:47.573Z] <<< [apiv2][status] GET https://runtimeconfig.googleapis.com/v1beta1/projects/tradehustleresumebuilder/configs/oauth/variables/google_client_secret 200
[debug] [2025-10-03T02:58:47.573Z] <<< [apiv2][body] GET https://runtimeconfig.googleapis.com/v1beta1/projects/tradehustleresumebuilder/configs/oauth/variables/google_client_secret {"name":"projects/tradehustleresumebuilder/configs/oauth/variables/google_client_secret","updateTime":"2025-09-16T18:49:31.994982217Z","text":"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"}
[debug] [2025-10-03T02:58:47.772Z] <<< [apiv2][status] GET https://runtimeconfig.googleapis.com/v1beta1/projects/tradehustleresumebuilder/configs/recaptcha/variables/secret_key 200
[debug] [2025-10-03T02:58:47.773Z] <<< [apiv2][body] GET https://runtimeconfig.googleapis.com/v1beta1/projects/tradehustleresumebuilder/configs/recaptcha/variables/secret_key {"name":"projects/tradehustleresumebuilder/configs/recaptcha/variables/secret_key","updateTime":"2025-09-28T01:02:20.879950981Z","text":"your_secret_key"}
[debug] [2025-10-03T02:58:49.038Z] <<< [apiv2][status] GET https://runtimeconfig.googleapis.com/v1beta1/projects/tradehustleresumebuilder/configs/runtime/variables/permissions/invoker 200
[debug] [2025-10-03T02:58:49.047Z] <<< [apiv2][body] GET https://runtimeconfig.googleapis.com/v1beta1/projects/tradehustleresumebuilder/configs/runtime/variables/permissions/invoker {"name":"projects/tradehustleresumebuilder/configs/runtime/variables/permissions/invoker","updateTime":"2025-09-28T01:27:38.756755927Z","text":"allUsers"}
[debug] [2025-10-03T02:58:49.115Z] Validating nodejs source
[debug] [2025-10-03T02:58:53.136Z] > [functions] package.json contents: {
  "name": "functions",
  "description": "Cloud Functions for Firebase",
  "scripts": {
    "lint": "./node_modules/.bin/eslint .",
    "serve": "firebase emulators:start --only functions",
    "shell": "firebase functions:shell",
    "start": "npm run shell",
    "deploy": "firebase deploy --only functions",
    "logs": "firebase functions:log"
  },
  "engines": {
    "node": "20"
  },
  "main": "index.js",
  "dependencies": {
    "@google-cloud/aiplatform": "^5.7.0",
    "@google/generative-ai": "^0.24.1",
    "axios": "^1.12.2",
    "cors": "^2.8.5",
    "crypto": "^1.0.1",
    "dotenv": "^17.2.2",
    "express": "^5.1.0",
    "express-rate-limit": "^8.1.0",
    "firebase-admin": "^12.6.0",
    "firebase-functions": "^6.0.1",
    "nodemailer": "^7.0.6"
  },
  "devDependencies": {
    "eslint": "^8.57.1",
    "eslint-config-google": "^0.14.0",
    "firebase-functions-test": "^3.1.0"
  },
  "private": true
}
[debug] [2025-10-03T02:58:53.159Z] Building nodejs source
[info] i  functions: Loading and analyzing source code for codebase api to determine what to deploy 
[debug] [2025-10-03T02:58:53.183Z] Could not find functions.yaml. Must use http discovery
[debug] [2025-10-03T02:58:53.386Z] Found firebase-functions binary at '/home/ellisgang8819/d3vtradehustle-resume-builder/api-functions/node_modules/.bin/firebase-functions'
[info] Serving at port 8202

[debug] [2025-10-03T02:58:58.414Z] Got response from /__/functions.yaml {"endpoints":{"healthCheck":{"availableMemoryMb":null,"timeoutSeconds":null,"minInstances":null,"maxInstances":10,"ingressSettings":null,"concurrency":null,"serviceAccountEmail":null,"vpc":null,"platform":"gcfv2","labels":{},"httpsTrigger":{},"entryPoint":"healthCheck"},"signup":{"availableMemoryMb":null,"timeoutSeconds":null,"minInstances":null,"maxInstances":10,"ingressSettings":null,"concurrency":null,"serviceAccountEmail":null,"vpc":null,"platform":"gcfv2","labels":{},"httpsTrigger":{},"entryPoint":"signup"},"unlockResume":{"availableMemoryMb":null,"timeoutSeconds":null,"minInstances":null,"maxInstances":10,"ingressSettings":null,"concurrency":null,"serviceAccountEmail":null,"vpc":null,"platform":"gcfv2","labels":{},"httpsTrigger":{},"entryPoint":"unlockResume"},"editResume":{"availableMemoryMb":null,"timeoutSeconds":null,"minInstances":null,"maxInstances":10,"ingressSettings":null,"concurrency":null,"serviceAccountEmail":null,"vpc":null,"platform":"gcfv2","labels":{},"httpsTrigger":{},"entryPoint":"editResume"},"verifyRecaptcha":{"availableMemoryMb":null,"timeoutSeconds":null,"minInstances":null,"maxInstances":10,"ingressSettings":null,"concurrency":null,"serviceAccountEmail":null,"vpc":null,"platform":"gcfv2","labels":{},"httpsTrigger":{},"entryPoint":"verifyRecaptcha"}},"specVersion":"v1alpha1","requiredAPIs":[],"extensions":{}}
[info] i  extensions: ensuring required API firebaseextensions.googleapis.com is enabled... 
[debug] [2025-10-03T02:59:02.610Z] > command requires scopes: ["email","openid","https://www.googleapis.com/auth/cloudplatformprojects.readonly","https://www.googleapis.com/auth/firebase","https://www.googleapis.com/auth/cloud-platform"]
[debug] [2025-10-03T02:59:02.611Z] > authorizing via signed-in user (ellisgang8819@gmail.com)
[debug] [2025-10-03T02:59:02.612Z] [iam] checking project tradehustleresumebuilder for permissions ["firebase.projects.get","firebaseextensions.instances.list"]
[debug] [2025-10-03T02:59:02.613Z] Checked if tokens are valid: true, expires at: 1759463812949
[debug] [2025-10-03T02:59:02.613Z] Checked if tokens are valid: true, expires at: 1759463812949
[debug] [2025-10-03T02:59:02.613Z] >>> [apiv2][query] POST https://cloudresourcemanager.googleapis.com/v1/projects/tradehustleresumebuilder:testIamPermissions [none]
[debug] [2025-10-03T02:59:02.614Z] >>> [apiv2][(partial)header] POST https://cloudresourcemanager.googleapis.com/v1/projects/tradehustleresumebuilder:testIamPermissions x-goog-quota-user=projects/tradehustleresumebuilder
[debug] [2025-10-03T02:59:02.616Z] >>> [apiv2][body] POST https://cloudresourcemanager.googleapis.com/v1/projects/tradehustleresumebuilder:testIamPermissions {"permissions":["firebase.projects.get","firebaseextensions.instances.list"]}
[debug] [2025-10-03T02:59:04.674Z] <<< [apiv2][status] POST https://cloudresourcemanager.googleapis.com/v1/projects/tradehustleresumebuilder:testIamPermissions 200
[debug] [2025-10-03T02:59:04.679Z] <<< [apiv2][body] POST https://cloudresourcemanager.googleapis.com/v1/projects/tradehustleresumebuilder:testIamPermissions {"permissions":["firebase.projects.get","firebaseextensions.instances.list"]}
[debug] [2025-10-03T02:59:04.682Z] Checked if tokens are valid: true, expires at: 1759463812949
[debug] [2025-10-03T02:59:04.682Z] Checked if tokens are valid: true, expires at: 1759463812949
[debug] [2025-10-03T02:59:04.685Z] >>> [apiv2][query] GET https://firebaseextensions.googleapis.com/v1beta/projects/tradehustleresumebuilder/instances pageSize=100&pageToken=
[debug] [2025-10-03T02:59:06.519Z] <<< [apiv2][status] GET https://firebaseextensions.googleapis.com/v1beta/projects/tradehustleresumebuilder/instances 200
[debug] [2025-10-03T02:59:06.519Z] <<< [apiv2][body] GET https://firebaseextensions.googleapis.com/v1beta/projects/tradehustleresumebuilder/instances {}
[info] i  functions: preparing api-functions directory for uploading... 
[info] i  functions: packaged /home/ellisgang8819/d3vtradehustle-resume-builder/api-functions (89.5 KB) for uploading 
[debug] [2025-10-03T02:59:06.920Z] Checked if tokens are valid: true, expires at: 1759463812949
[debug] [2025-10-03T02:59:06.921Z] Checked if tokens are valid: true, expires at: 1759463812949
[debug] [2025-10-03T02:59:06.921Z] >>> [apiv2][query] GET https://cloudfunctions.googleapis.com/v1/projects/tradehustleresumebuilder/locations/-/functions [none]
[debug] [2025-10-03T02:59:08.970Z] <<< [apiv2][status] GET https://cloudfunctions.googleapis.com/v1/projects/tradehustleresumebuilder/locations/-/functions 200
[debug] [2025-10-03T02:59:08.972Z] <<< [apiv2][body] GET https://cloudfunctions.googleapis.com/v1/projects/tradehustleresumebuilder/locations/-/functions {}
[debug] [2025-10-03T02:59:08.979Z] Checked if tokens are valid: true, expires at: 1759463812949
[debug] [2025-10-03T02:59:08.980Z] Checked if tokens are valid: true, expires at: 1759463812949
[debug] [2025-10-03T02:59:08.981Z] >>> [apiv2][query] GET https://cloudfunctions.googleapis.com/v2/projects/tradehustleresumebuilder/locations/-/functions filter=environment%3D%22GEN_2%22
[debug] [2025-10-03T02:59:09.899Z] <<< [apiv2][status] GET https://cloudfunctions.googleapis.com/v2/projects/tradehustleresumebuilder/locations/-/functions 200
[debug] [2025-10-03T02:59:09.900Z] <<< [apiv2][body] GET https://cloudfunctions.googleapis.com/v2/projects/tradehustleresumebuilder/locations/-/functions {"functions":[{"name":"projects/tradehustleresumebuilder/locations/us-central1/functions/unlockResume","buildConfig":{"build":"projects/190054658629/locations/us-central1/builds/9c73d066-244d-4306-9fca-fcaf5e38da64","runtime":"nodejs20","entryPoint":"unlockResume","source":{"storageSource":{"bucket":"gcf-v2-sources-190054658629-us-central1","object":"unlockResume/function-source.zip","generation":"1759018561278253"}},"environmentVariables":{"GOOGLE_NODE_RUN_SCRIPTS":""},"dockerRepository":"projects/tradehustleresumebuilder/locations/us-central1/repositories/gcf-artifacts","sourceProvenance":{"resolvedStorageSource":{"bucket":"gcf-v2-sources-190054658629-us-central1","object":"unlockResume/function-source.zip","generation":"1759018561278253"}},"dockerRegistry":"ARTIFACT_REGISTRY","serviceAccount":"projects/tradehustleresumebuilder/serviceAccounts/190054658629-compute@developer.gserviceaccount.com","automaticUpdatePolicy":{}},"serviceConfig":{"service":"projects/tradehustleresumebuilder/locations/us-central1/services/unlockresume","timeoutSeconds":60,"environmentVariables":{"FIREBASE_CONFIG":"{\"projectId\":\"tradehustleresumebuilder\",\"storageBucket\":\"tradehustleresumebuilder.firebasestorage.app\"}","GCLOUD_PROJECT":"tradehustleresumebuilder","EVENTARC_CLOUD_EVENT_SOURCE":"projects/tradehustleresumebuilder/locations/us-central1/services/unlockResume","FUNCTION_TARGET":"unlockResume","LOG_EXECUTION_ID":"true","FUNCTION_SIGNATURE_TYPE":"http"},"maxInstanceCount":10,"ingressSettings":"ALLOW_ALL","uri":"https://unlockresume-fbs5jy4frq-uc.a.run.app","serviceAccountEmail":"190054658629-compute@developer.gserviceaccount.com","availableMemory":"256Mi","allTrafficOnLatestRevision":true,"revision":"unlockresume-00004-fit","maxInstanceRequestConcurrency":80,"availableCpu":"1"},"state":"ACTIVE","updateTime":"2025-10-02T16:31:53.534905554Z","labels":{"deployment-tool":"cli-firebase","firebase-functions-codebase":"api","firebase-functions-hash":"1de2857c5e1fdbec0094455d6c3ca40b6780481f"},"environment":"GEN_2","url":"https://us-central1-tradehustleresumebuilder.cloudfunctions.net/unlockResume","createTime":"2025-09-27T18:13:53.714477708Z","satisfiesPzi":true},{"name":"projects/tradehustleresumebuilder/locations/us-central1/functions/signup","buildConfig":{"build":"projects/190054658629/locations/us-central1/builds/9c73d066-244d-4306-9fca-fcaf5e38da64","runtime":"nodejs20","entryPoint":"signup","source":{"storageSource":{"bucket":"gcf-v2-sources-190054658629-us-central1","object":"signup/function-source.zip","generation":"1759018503859711"}},"environmentVariables":{"GOOGLE_NODE_RUN_SCRIPTS":""},"dockerRepository":"projects/tradehustleresumebuilder/locations/us-central1/repositories/gcf-artifacts","sourceProvenance":{"resolvedStorageSource":{"bucket":"gcf-v2-sources-190054658629-us-central1","object":"signup/function-source.zip","generation":"1759018503859711"}},"dockerRegistry":"ARTIFACT_REGISTRY","serviceAccount":"projects/tradehustleresumebuilder/serviceAccounts/190054658629-compute@developer.gserviceaccount.com","automaticUpdatePolicy":{}},"serviceConfig":{"service":"projects/tradehustleresumebuilder/locations/us-central1/services/signup","timeoutSeconds":60,"environmentVariables":{"FIREBASE_CONFIG":"{\"projectId\":\"tradehustleresumebuilder\",\"storageBucket\":\"tradehustleresumebuilder.firebasestorage.app\"}","GCLOUD_PROJECT":"tradehustleresumebuilder","EVENTARC_CLOUD_EVENT_SOURCE":"projects/tradehustleresumebuilder/locations/us-central1/services/signup","FUNCTION_TARGET":"signup","LOG_EXECUTION_ID":"true"},"maxInstanceCount":10,"ingressSettings":"ALLOW_ALL","uri":"https://signup-fbs5jy4frq-uc.a.run.app","serviceAccountEmail":"190054658629-compute@developer.gserviceaccount.com","availableMemory":"256Mi","allTrafficOnLatestRevision":true,"revision":"signup-00004-xus","maxInstanceRequestConcurrency":80,"availableCpu":"1"},"state":"ACTIVE","updateTime":"2025-10-02T16:31:24.711289332Z","labels":{"firebase-functions-codebase":"api","firebase-functions-hash":"1de2857c5e1fdbec0094455d6c3ca40b6780481f","deployment-tool":"cli-firebase"},"environment":"GEN_2","url":"https://us-central1-tradehustleresumebuilder.cloudfunctions.net/signup","createTime":"2025-09-27T18:12:35.051508191Z","satisfiesPzi":true},{"name":"projects/tradehustleresumebuilder/locations/us-central1/functions/verifyRecaptcha","buildConfig":{"build":"projects/190054658629/locations/us-central1/builds/1b49e5d7-4da6-4086-8679-eb478b775f31","runtime":"nodejs20","entryPoint":"verifyRecaptcha","source":{"storageSource":{"bucket":"gcf-v2-sources-190054658629-us-central1","object":"verifyRecaptcha/function-source.zip","generation":"1759384359137891"}},"environmentVariables":{"GOOGLE_NODE_RUN_SCRIPTS":""},"dockerRepository":"projects/tradehustleresumebuilder/locations/us-central1/repositories/gcf-artifacts","sourceProvenance":{"resolvedStorageSource":{"bucket":"gcf-v2-sources-190054658629-us-central1","object":"verifyRecaptcha/function-source.zip","generation":"1759384359137891"}},"dockerRegistry":"ARTIFACT_REGISTRY","serviceAccount":"projects/tradehustleresumebuilder/serviceAccounts/190054658629-compute@developer.gserviceaccount.com","automaticUpdatePolicy":{}},"state":"UNKNOWN","updateTime":"2025-10-02T16:31:50.529075186Z","labels":{"firebase-functions-codebase":"api","firebase-functions-hash":"1de2857c5e1fdbec0094455d6c3ca40b6780481f","deployment-tool":"cli-firebase"},"stateMessages":[{"severity":"ERROR","type":"CloudRunServiceNotFound","message":"Cloud Run service projects/tradehustleresumebuilder/locations/us-central1/services/verifyrecaptcha for the function was not found. The function will not work correctly. Please redeploy."}],"environment":"GEN_2","url":"https://us-central1-tradehustleresumebuilder.cloudfunctions.net/verifyRecaptcha","createTime":"2025-10-02T05:52:39.455778865Z","satisfiesPzi":true},{"name":"projects/tradehustleresumebuilder/locations/us-central1/functions/editResume","buildConfig":{"build":"projects/190054658629/locations/us-central1/builds/9c73d066-244d-4306-9fca-fcaf5e38da64","runtime":"nodejs20","entryPoint":"editResume","source":{"storageSource":{"bucket":"gcf-v2-sources-190054658629-us-central1","object":"editResume/function-source.zip","generation":"1759018561219565"}},"environmentVariables":{"GOOGLE_NODE_RUN_SCRIPTS":""},"dockerRepository":"projects/tradehustleresumebuilder/locations/us-central1/repositories/gcf-artifacts","sourceProvenance":{"resolvedStorageSource":{"bucket":"gcf-v2-sources-190054658629-us-central1","object":"editResume/function-source.zip","generation":"1759018561219565"}},"dockerRegistry":"ARTIFACT_REGISTRY","serviceAccount":"projects/tradehustleresumebuilder/serviceAccounts/190054658629-compute@developer.gserviceaccount.com","automaticUpdatePolicy":{}},"serviceConfig":{"service":"projects/tradehustleresumebuilder/locations/us-central1/services/editresume","timeoutSeconds":60,"environmentVariables":{"FIREBASE_CONFIG":"{\"projectId\":\"tradehustleresumebuilder\",\"storageBucket\":\"tradehustleresumebuilder.firebasestorage.app\"}","GCLOUD_PROJECT":"tradehustleresumebuilder","EVENTARC_CLOUD_EVENT_SOURCE":"projects/tradehustleresumebuilder/locations/us-central1/services/editResume","FUNCTION_TARGET":"editResume","LOG_EXECUTION_ID":"true","FUNCTION_SIGNATURE_TYPE":"http"},"maxInstanceCount":10,"ingressSettings":"ALLOW_ALL","uri":"https://editresume-fbs5jy4frq-uc.a.run.app","serviceAccountEmail":"190054658629-compute@developer.gserviceaccount.com","availableMemory":"256Mi","allTrafficOnLatestRevision":true,"revision":"editresume-00004-tiy","maxInstanceRequestConcurrency":80,"availableCpu":"1"},"state":"ACTIVE","updateTime":"2025-10-02T16:31:53.199659256Z","labels":{"deployment-tool":"cli-firebase","firebase-functions-codebase":"api","firebase-functions-hash":"1de2857c5e1fdbec0094455d6c3ca40b6780481f"},"environment":"GEN_2","url":"https://us-central1-tradehustleresumebuilder.cloudfunctions.net/editResume","createTime":"2025-09-27T18:13:53.891781066Z","satisfiesPzi":true},{"name":"projects/tradehustleresumebuilder/locations/us-central1/functions/app","buildConfig":{"build":"projects/190054658629/locations/us-central1/builds/9c73d066-244d-4306-9fca-fcaf5e38da64","runtime":"nodejs20","entryPoint":"app","source":{"storageSource":{"bucket":"gcf-v2-sources-190054658629-us-central1","object":"app/function-source.zip","generation":"1759018561255625"}},"environmentVariables":{"GOOGLE_NODE_RUN_SCRIPTS":""},"dockerRepository":"projects/tradehustleresumebuilder/locations/us-central1/repositories/gcf-artifacts","sourceProvenance":{"resolvedStorageSource":{"bucket":"gcf-v2-sources-190054658629-us-central1","object":"app/function-source.zip","generation":"1759018561255625"}},"dockerRegistry":"ARTIFACT_REGISTRY","serviceAccount":"projects/tradehustleresumebuilder/serviceAccounts/190054658629-compute@developer.gserviceaccount.com","automaticUpdatePolicy":{}},"serviceConfig":{"service":"projects/tradehustleresumebuilder/locations/us-central1/services/app","timeoutSeconds":60,"environmentVariables":{"FIREBASE_CONFIG":"{\"projectId\":\"tradehustleresumebuilder\",\"storageBucket\":\"tradehustleresumebuilder.firebasestorage.app\"}","GCLOUD_PROJECT":"tradehustleresumebuilder","EVENTARC_CLOUD_EVENT_SOURCE":"projects/tradehustleresumebuilder/locations/us-central1/services/app","FUNCTION_TARGET":"app","LOG_EXECUTION_ID":"true","FUNCTION_SIGNATURE_TYPE":"http"},"maxInstanceCount":10,"ingressSettings":"ALLOW_ALL","uri":"https://app-fbs5jy4frq-uc.a.run.app","serviceAccountEmail":"190054658629-compute@developer.gserviceaccount.com","availableMemory":"256Mi","allTrafficOnLatestRevision":true,"revision":"app-00004-dew","maxInstanceRequestConcurrency":80,"availableCpu":"1"},"state":"ACTIVE","updateTime":"2025-10-02T16:31:50.140613042Z","labels":{"firebase-functions-hash":"1de2857c5e1fdbec0094455d6c3ca40b6780481f","deployment-tool":"cli-firebase","firebase-functions-codebase":"api"},"environment":"GEN_2","url":"https://us-central1-tradehustleresumebuilder.cloudfunctions.net/app","createTime":"2025-09-27T18:13:53.781183868Z","satisfiesPzi":true}]}
[info] i  functions: ensuring required API run.googleapis.com is enabled... 
[info] i  functions: ensuring required API eventarc.googleapis.com is enabled... 
[info] i  functions: ensuring required API pubsub.googleapis.com is enabled... 
[info] i  functions: ensuring required API storage.googleapis.com is enabled... 
[info] i  functions: generating the service identity for pubsub.googleapis.com... 
[debug] [2025-10-03T02:59:09.951Z] Checked if tokens are valid: true, expires at: 1759463812949
[debug] [2025-10-03T02:59:09.951Z] Checked if tokens are valid: true, expires at: 1759463812949
[info] i  functions: generating the service identity for eventarc.googleapis.com... 
[debug] [2025-10-03T02:59:09.953Z] Checked if tokens are valid: true, expires at: 1759463812949
[debug] [2025-10-03T02:59:09.954Z] Checked if tokens are valid: true, expires at: 1759463812949
[debug] [2025-10-03T02:59:09.954Z] >>> [apiv2][query] POST https://serviceusage.googleapis.com/v1beta1/projects/190054658629/services/pubsub.googleapis.com:generateServiceIdentity [none]
[debug] [2025-10-03T02:59:09.954Z] >>> [apiv2][(partial)header] POST https://serviceusage.googleapis.com/v1beta1/projects/190054658629/services/pubsub.googleapis.com:generateServiceIdentity x-goog-quota-user=projects/190054658629
[debug] [2025-10-03T02:59:09.954Z] >>> [apiv2][body] POST https://serviceusage.googleapis.com/v1beta1/projects/190054658629/services/pubsub.googleapis.com:generateServiceIdentity {}
[debug] [2025-10-03T02:59:09.970Z] >>> [apiv2][query] POST https://serviceusage.googleapis.com/v1beta1/projects/190054658629/services/eventarc.googleapis.com:generateServiceIdentity [none]
[debug] [2025-10-03T02:59:09.971Z] >>> [apiv2][(partial)header] POST https://serviceusage.googleapis.com/v1beta1/projects/190054658629/services/eventarc.googleapis.com:generateServiceIdentity x-goog-quota-user=projects/190054658629
[debug] [2025-10-03T02:59:09.971Z] >>> [apiv2][body] POST https://serviceusage.googleapis.com/v1beta1/projects/190054658629/services/eventarc.googleapis.com:generateServiceIdentity {}
[debug] [2025-10-03T02:59:12.666Z] <<< [apiv2][status] POST https://serviceusage.googleapis.com/v1beta1/projects/190054658629/services/pubsub.googleapis.com:generateServiceIdentity 200
[debug] [2025-10-03T02:59:12.667Z] <<< [apiv2][body] POST https://serviceusage.googleapis.com/v1beta1/projects/190054658629/services/pubsub.googleapis.com:generateServiceIdentity {"name":"operations/finished.DONE_OPERATION","done":true,"response":{"@type":"type.googleapis.com/google.api.serviceusage.v1beta1.ServiceIdentity","email":"service-190054658629@gcp-sa-pubsub.iam.gserviceaccount.com","uniqueId":"113730352529709617734"}}
[debug] [2025-10-03T02:59:12.678Z] <<< [apiv2][status] POST https://serviceusage.googleapis.com/v1beta1/projects/190054658629/services/eventarc.googleapis.com:generateServiceIdentity 200
[debug] [2025-10-03T02:59:12.679Z] <<< [apiv2][body] POST https://serviceusage.googleapis.com/v1beta1/projects/190054658629/services/eventarc.googleapis.com:generateServiceIdentity {"name":"operations/finished.DONE_OPERATION","done":true,"response":{"@type":"type.googleapis.com/google.api.serviceusage.v1beta1.ServiceIdentity","email":"service-190054658629@gcp-sa-eventarc.iam.gserviceaccount.com","uniqueId":"104345520318168887119"}}
[debug] [2025-10-03T02:59:12.692Z] Checked if tokens are valid: true, expires at: 1759463812949
[debug] [2025-10-03T02:59:12.692Z] Checked if tokens are valid: true, expires at: 1759463812949
[debug] [2025-10-03T02:59:12.692Z] >>> [apiv2][query] GET https://cloudresourcemanager.googleapis.com/v1/projects/tradehustleresumebuilder [none]
[debug] [2025-10-03T02:59:14.587Z] <<< [apiv2][status] GET https://cloudresourcemanager.googleapis.com/v1/projects/tradehustleresumebuilder 200
[debug] [2025-10-03T02:59:14.588Z] <<< [apiv2][body] GET https://cloudresourcemanager.googleapis.com/v1/projects/tradehustleresumebuilder {"projectNumber":"190054658629","projectId":"tradehustleresumebuilder","lifecycleState":"ACTIVE","name":"TradeHustleResumeBuilder","labels":{"firebase":"enabled","firebase-core":"disabled"},"createTime":"2025-09-12T05:26:51.603565Z"}
[debug] [2025-10-03T02:59:14.590Z] Checked if tokens are valid: true, expires at: 1759463812949
[debug] [2025-10-03T02:59:14.590Z] Checked if tokens are valid: true, expires at: 1759463812949
[debug] [2025-10-03T02:59:14.590Z] >>> [apiv2][query] GET https://compute.googleapis.com/compute/v1/projects/190054658629 [none]
[debug] [2025-10-03T02:59:16.370Z] <<< [apiv2][status] GET https://compute.googleapis.com/compute/v1/projects/190054658629 200
[debug] [2025-10-03T02:59:16.371Z] <<< [apiv2][body] GET https://compute.googleapis.com/compute/v1/projects/190054658629 {"kind":"compute#project","id":"3452007601316057429","creationTimestamp":"2025-09-16T16:16:11.881-07:00","name":"tradehustleresumebuilder","commonInstanceMetadata":{"kind":"compute#metadata","fingerprint":"BM-mmVBdx9E="},"quotas":[{"metric":"SNAPSHOTS","limit":1000,"usage":0},{"metric":"NETWORKS","limit":5,"usage":1},{"metric":"FIREWALLS","limit":100,"usage":4},{"metric":"IMAGES","limit":100,"usage":0},{"metric":"STATIC_ADDRESSES","limit":8,"usage":0},{"metric":"ROUTES","limit":200,"usage":0},{"metric":"FORWARDING_RULES","limit":15,"usage":0},{"metric":"TARGET_POOLS","limit":50,"usage":0},{"metric":"HEALTH_CHECKS","limit":75,"usage":0},{"metric":"IN_USE_ADDRESSES","limit":4,"usage":0},{"metric":"TARGET_INSTANCES","limit":50,"usage":0},{"metric":"TARGET_HTTP_PROXIES","limit":10,"usage":0},{"metric":"URL_MAPS","limit":10,"usage":0},{"metric":"BACKEND_SERVICES","limit":50,"usage":0},{"metric":"INSTANCE_TEMPLATES","limit":100,"usage":0},{"metric":"TARGET_VPN_GATEWAYS","limit":5,"usage":0},{"metric":"VPN_TUNNELS","limit":10,"usage":0},{"metric":"BACKEND_BUCKETS","limit":3,"usage":0},{"metric":"ROUTERS","limit":10,"usage":0},{"metric":"TARGET_SSL_PROXIES","limit":10,"usage":0},{"metric":"TARGET_HTTPS_PROXIES","limit":10,"usage":0},{"metric":"SSL_CERTIFICATES","limit":10,"usage":0},{"metric":"SUBNETWORKS","limit":100,"usage":0},{"metric":"TARGET_TCP_PROXIES","limit":10,"usage":0},{"metric":"CPUS_ALL_REGIONS","limit":12,"usage":0},{"metric":"SECURITY_POLICIES","limit":0,"usage":0},{"metric":"SECURITY_POLICY_RULES","limit":0,"usage":0},{"metric":"XPN_SERVICE_PROJECTS","limit":1000,"usage":0},{"metric":"PACKET_MIRRORINGS","limit":20,"usage":0},{"metric":"NETWORK_ENDPOINT_GROUPS","limit":100,"usage":0},{"metric":"INTERCONNECTS","limit":6,"usage":0},{"metric":"SSL_POLICIES","limit":10,"usage":0},{"metric":"GLOBAL_INTERNAL_ADDRESSES","limit":5000,"usage":0},{"metric":"VPN_GATEWAYS","limit":5,"usage":0},{"metric":"MACHINE_IMAGES","limit":100,"usage":0},{"metric":"SECURITY_POLICY_CEVAL_RULES","limit":0,"usage":0},{"metric":"GPUS_ALL_REGIONS","limit":0,"usage":0},{"metric":"EXTERNAL_VPN_GATEWAYS","limit":5,"usage":0},{"metric":"PUBLIC_ADVERTISED_PREFIXES","limit":1,"usage":0},{"metric":"PUBLIC_DELEGATED_PREFIXES","limit":10,"usage":0},{"metric":"STATIC_BYOIP_ADDRESSES","limit":128,"usage":0},{"metric":"NETWORK_FIREWALL_POLICIES","limit":10,"usage":0},{"metric":"INTERNAL_TRAFFIC_DIRECTOR_FORWARDING_RULES","limit":15,"usage":0},{"metric":"GLOBAL_EXTERNAL_MANAGED_FORWARDING_RULES","limit":15,"usage":0},{"metric":"GLOBAL_INTERNAL_MANAGED_BACKEND_SERVICES","limit":50,"usage":0},{"metric":"GLOBAL_EXTERNAL_MANAGED_BACKEND_SERVICES","limit":50,"usage":0},{"metric":"GLOBAL_EXTERNAL_PROXY_LB_BACKEND_SERVICES","limit":50,"usage":0},{"metric":"GLOBAL_INTERNAL_TRAFFIC_DIRECTOR_BACKEND_SERVICES","limit":100,"usage":0}],"selfLink":"https://www.googleapis.com/compute/v1/projects/tradehustleresumebuilder","defaultServiceAccount":"190054658629-compute@developer.gserviceaccount.com","xpnProjectStatus":"UNSPECIFIED_XPN_PROJECT_STATUS","defaultNetworkTier":"PREMIUM","vmDnsSetting":"ZONAL_ONLY","cloudArmorTier":"CA_STANDARD"}
[debug] [2025-10-03T02:59:16.394Z] Checked if tokens are valid: true, expires at: 1759463812949
[debug] [2025-10-03T02:59:16.394Z] Checked if tokens are valid: true, expires at: 1759463812949
[debug] [2025-10-03T02:59:16.395Z] >>> [apiv2][query] GET https://cloudbilling.googleapis.com/v1/projects/tradehustleresumebuilder/billingInfo [none]
[debug] [2025-10-03T02:59:18.829Z] <<< [apiv2][status] GET https://cloudbilling.googleapis.com/v1/projects/tradehustleresumebuilder/billingInfo 200
[debug] [2025-10-03T02:59:18.833Z] <<< [apiv2][body] GET https://cloudbilling.googleapis.com/v1/projects/tradehustleresumebuilder/billingInfo {"name":"projects/tradehustleresumebuilder/billingInfo","projectId":"tradehustleresumebuilder","billingAccountName":"billingAccounts/01EA07-3714E2-77356B","billingEnabled":true}
[debug] [2025-10-03T02:59:18.844Z] [functions] found 1 new HTTP functions, testing setIamPolicy permission...
[debug] [2025-10-03T02:59:18.845Z] Checked if tokens are valid: true, expires at: 1759463812949
[debug] [2025-10-03T02:59:18.845Z] Checked if tokens are valid: true, expires at: 1759463812949
[debug] [2025-10-03T02:59:18.845Z] >>> [apiv2][query] POST https://cloudresourcemanager.googleapis.com/v1/projects/tradehustleresumebuilder:testIamPermissions [none]
[debug] [2025-10-03T02:59:18.845Z] >>> [apiv2][(partial)header] POST https://cloudresourcemanager.googleapis.com/v1/projects/tradehustleresumebuilder:testIamPermissions x-goog-quota-user=projects/tradehustleresumebuilder
[debug] [2025-10-03T02:59:18.846Z] >>> [apiv2][body] POST https://cloudresourcemanager.googleapis.com/v1/projects/tradehustleresumebuilder:testIamPermissions {"permissions":["cloudfunctions.functions.setIamPolicy"]}
[debug] [2025-10-03T02:59:19.423Z] <<< [apiv2][status] POST https://cloudresourcemanager.googleapis.com/v1/projects/tradehustleresumebuilder:testIamPermissions 200
[debug] [2025-10-03T02:59:19.427Z] <<< [apiv2][body] POST https://cloudresourcemanager.googleapis.com/v1/projects/tradehustleresumebuilder:testIamPermissions {"permissions":["cloudfunctions.functions.setIamPolicy"]}
[debug] [2025-10-03T02:59:19.427Z] [functions] found setIamPolicy permission, proceeding with deploy
[debug] [2025-10-03T02:59:19.429Z] Checked if tokens are valid: true, expires at: 1759463812949
[debug] [2025-10-03T02:59:19.429Z] Checked if tokens are valid: true, expires at: 1759463812949
[debug] [2025-10-03T02:59:19.430Z] >>> [apiv2][query] POST https://cloudfunctions.googleapis.com/v2/projects/tradehustleresumebuilder/locations/us-central1/functions:generateUploadUrl [none]
[debug] [2025-10-03T02:59:20.756Z] <<< [apiv2][status] POST https://cloudfunctions.googleapis.com/v2/projects/tradehustleresumebuilder/locations/us-central1/functions:generateUploadUrl 200
[debug] [2025-10-03T02:59:20.761Z] <<< [apiv2][body] POST https://cloudfunctions.googleapis.com/v2/projects/tradehustleresumebuilder/locations/us-central1/functions:generateUploadUrl {"uploadUrl":"https://storage.googleapis.com/gcf-v2-uploads-190054658629.us-central1.cloudfunctions.appspot.com/a25d7d46-c71b-4e74-99e6-cb8d4f115728.zip?GoogleAccessId=service-190054658629@gcf-admin-robot.iam.gserviceaccount.com&Expires=1759462161&Signature=PTKAaa1SkDTae6z5Zb2l8TvH4ZHZl%2BTr1Ibk%2B%2FM2RiDtChqk0ukAVilX35%2FYVZstTJt4yYLl1oLOiZhRbEEmDD3%2Fm8%2BtJ3do7qYGUwe7ndmt8UhoJkWrEq80k0B6kyKyc%2BDueZaB6nVxWVlkCAgI6yn8orLtRO%2BflvDT40Gz%2Byixq%2BrvRTOilxDnHobfHSbFAEp4EYccB7%2Fjv7xNFcvfmc7DqeCKPW0Lu1Rmch8uJ7qK9yQPJYIuhpg%2BglaGZiU%2FwuS4d8%2Bzeu9KEilQyANVZyaz%2B1eS4wlM0Jpp%2BnrrZi1x%2Fl2SDaWNTrfxI69pXahq3K2bcEt4L6aovt%2B4j3t5wA%3D%3D","storageSource":{"bucket":"gcf-v2-uploads-190054658629.us-central1.cloudfunctions.appspot.com","object":"a25d7d46-c71b-4e74-99e6-cb8d4f115728.zip"}}
[debug] [2025-10-03T02:59:20.798Z] >>> [apiv2][query] PUT https://storage.googleapis.com/gcf-v2-uploads-190054658629.us-central1.cloudfunctions.appspot.com/a25d7d46-c71b-4e74-99e6-cb8d4f115728.zip GoogleAccessId=service-190054658629%40gcf-admin-robot.iam.gserviceaccount.com&Expires=1759462161&Signature=PTKAaa1SkDTae6z5Zb2l8TvH4ZHZl%2BTr1Ibk%2B%2FM2RiDtChqk0ukAVilX35%2FYVZstTJt4yYLl1oLOiZhRbEEmDD3%2Fm8%2BtJ3do7qYGUwe7ndmt8UhoJkWrEq80k0B6kyKyc%2BDueZaB6nVxWVlkCAgI6yn8orLtRO%2BflvDT40Gz%2Byixq%2BrvRTOilxDnHobfHSbFAEp4EYccB7%2Fjv7xNFcvfmc7DqeCKPW0Lu1Rmch8uJ7qK9yQPJYIuhpg%2BglaGZiU%2FwuS4d8%2Bzeu9KEilQyANVZyaz%2B1eS4wlM0Jpp%2BnrrZi1x%2Fl2SDaWNTrfxI69pXahq3K2bcEt4L6aovt%2B4j3t5wA%3D%3D
[debug] [2025-10-03T02:59:20.802Z] >>> [apiv2][body] PUT https://storage.googleapis.com/gcf-v2-uploads-190054658629.us-central1.cloudfunctions.appspot.com/a25d7d46-c71b-4e74-99e6-cb8d4f115728.zip [stream]
[debug] [2025-10-03T02:59:23.408Z] <<< [apiv2][status] PUT https://storage.googleapis.com/gcf-v2-uploads-190054658629.us-central1.cloudfunctions.appspot.com/a25d7d46-c71b-4e74-99e6-cb8d4f115728.zip 200
[debug] [2025-10-03T02:59:23.417Z] <<< [apiv2][body] PUT https://storage.googleapis.com/gcf-v2-uploads-190054658629.us-central1.cloudfunctions.appspot.com/a25d7d46-c71b-4e74-99e6-cb8d4f115728.zip [omitted]
[info] ✔  functions: api-functions source uploaded successfully 
[info] 
The following functions are found in your project but do not exist in your local source code:
	api:app(us-central1)

If you are renaming a function or changing its region, it is recommended that you create the new function first before deleting the old one to prevent event loss. For more info, visit https://firebase.google.com/docs/functions/manage-functions#modify

[info] i  functions: creating Node.js 20 (2nd Gen) function api:healthCheck(us-central1)... 
[info] i  functions: updating Node.js 20 (2nd Gen) function api:signup(us-central1)... 
[info] i  functions: updating Node.js 20 (2nd Gen) function api:unlockResume(us-central1)... 
[info] i  functions: updating Node.js 20 (2nd Gen) function api:editResume(us-central1)... 
[info] i  functions: updating Node.js 20 (2nd Gen) function api:verifyRecaptcha(us-central1)... 
[debug] [2025-10-03T03:04:06.539Z] Checked if tokens are valid: true, expires at: 1759463812949
[debug] [2025-10-03T03:04:06.543Z] Checked if tokens are valid: true, expires at: 1759463812949
[info] i  functions: deleting Node.js 20 (2nd Gen) function api:app(us-central1)... 
[debug] [2025-10-03T03:04:06.548Z] Checked if tokens are valid: true, expires at: 1759463812949
[debug] [2025-10-03T03:04:06.549Z] Checked if tokens are valid: true, expires at: 1759463812949
[debug] [2025-10-03T03:04:06.552Z] >>> [apiv2][query] POST https://cloudfunctions.googleapis.com/v2/projects/tradehustleresumebuilder/locations/us-central1/functions functionId=healthCheck
[debug] [2025-10-03T03:04:06.553Z] >>> [apiv2][body] POST https://cloudfunctions.googleapis.com/v2/projects/tradehustleresumebuilder/locations/us-central1/functions {"name":"projects/tradehustleresumebuilder/locations/us-central1/functions/healthCheck","buildConfig":{"runtime":"nodejs20","entryPoint":"healthCheck","source":{"storageSource":{"bucket":"gcf-v2-uploads-190054658629.us-central1.cloudfunctions.appspot.com","object":"a25d7d46-c71b-4e74-99e6-cb8d4f115728.zip"}},"environmentVariables":{"GOOGLE_NODE_RUN_SCRIPTS":""}},"serviceConfig":{"environmentVariables":{"FIREBASE_CONFIG":"{\"projectId\":\"tradehustleresumebuilder\",\"storageBucket\":\"tradehustleresumebuilder.firebasestorage.app\"}","GCLOUD_PROJECT":"tradehustleresumebuilder","EVENTARC_CLOUD_EVENT_SOURCE":"projects/tradehustleresumebuilder/locations/us-central1/services/healthCheck","FUNCTION_TARGET":"healthCheck","LOG_EXECUTION_ID":"true"},"ingressSettings":null,"timeoutSeconds":null,"serviceAccountEmail":null,"availableMemory":"256Mi","minInstanceCount":null,"maxInstanceCount":10,"maxInstanceRequestConcurrency":80,"availableCpu":"1","vpcConnector":null,"vpcConnectorEgressSettings":null},"labels":{"deployment-tool":"cli-firebase","firebase-functions-codebase":"api","firebase-functions-hash":"48895a4938f9c29e75e87d17a82b3023593a75f1"}}
[debug] [2025-10-03T03:04:06.596Z] >>> [apiv2][query] DELETE https://cloudfunctions.googleapis.com/v2/projects/tradehustleresumebuilder/locations/us-central1/functions/app [none]
[debug] [2025-10-03T03:04:08.929Z] <<< [apiv2][status] DELETE https://cloudfunctions.googleapis.com/v2/projects/tradehustleresumebuilder/locations/us-central1/functions/app 200
[debug] [2025-10-03T03:04:08.932Z] <<< [apiv2][body] DELETE https://cloudfunctions.googleapis.com/v2/projects/tradehustleresumebuilder/locations/us-central1/functions/app {"name":"projects/tradehustleresumebuilder/locations/us-central1/operations/operation-1759460649481-640385b023405-21f887fd-f838bc0b","metadata":{"@type":"type.googleapis.com/google.cloud.functions.v2.OperationMetadata","createTime":"2025-10-03T03:04:09.510163865Z","target":"projects/tradehustleresumebuilder/locations/us-central1/functions/app","verb":"delete","cancelRequested":false,"apiVersion":"v2"},"done":false}
[debug] [2025-10-03T03:04:08.937Z] Checked if tokens are valid: true, expires at: 1759463812949
[debug] [2025-10-03T03:04:08.938Z] Checked if tokens are valid: true, expires at: 1759463812949
[debug] [2025-10-03T03:04:08.940Z] >>> [apiv2][query] GET https://cloudfunctions.googleapis.com/v2/projects/tradehustleresumebuilder/locations/us-central1/operations/operation-1759460649481-640385b023405-21f887fd-f838bc0b [none]
[debug] [2025-10-03T03:04:09.552Z] <<< [apiv2][status] POST https://cloudfunctions.googleapis.com/v2/projects/tradehustleresumebuilder/locations/us-central1/functions 200
[debug] [2025-10-03T03:04:09.555Z] <<< [apiv2][body] POST https://cloudfunctions.googleapis.com/v2/projects/tradehustleresumebuilder/locations/us-central1/functions {"name":"projects/tradehustleresumebuilder/locations/us-central1/operations/operation-1759460649484-640385b023ff6-2d29276a-d068ed06","metadata":{"@type":"type.googleapis.com/google.cloud.functions.v2.OperationMetadata","createTime":"2025-10-03T03:04:10.133790687Z","target":"projects/tradehustleresumebuilder/locations/us-central1/functions/healthCheck","verb":"create","cancelRequested":false,"apiVersion":"v2"},"done":false}
[debug] [2025-10-03T03:04:09.566Z] Checked if tokens are valid: true, expires at: 1759463812949
[debug] [2025-10-03T03:04:09.567Z] Checked if tokens are valid: true, expires at: 1759463812949
[debug] [2025-10-03T03:04:09.567Z] >>> [apiv2][query] GET https://cloudfunctions.googleapis.com/v2/projects/tradehustleresumebuilder/locations/us-central1/operations/operation-1759460649484-640385b023ff6-2d29276a-d068ed06 [none]
[debug] [2025-10-03T03:04:09.595Z] <<< [apiv2][status] GET https://cloudfunctions.googleapis.com/v2/projects/tradehustleresumebuilder/locations/us-central1/operations/operation-1759460649481-640385b023405-21f887fd-f838bc0b 200
[debug] [2025-10-03T03:04:09.604Z] <<< [apiv2][body] GET https://cloudfunctions.googleapis.com/v2/projects/tradehustleresumebuilder/locations/us-central1/operations/operation-1759460649481-640385b023405-21f887fd-f838bc0b {"name":"projects/tradehustleresumebuilder/locations/us-central1/operations/operation-1759460649481-640385b023405-21f887fd-f838bc0b","metadata":{"@type":"type.googleapis.com/google.cloud.functions.v2.OperationMetadata","createTime":"2025-10-03T03:04:09.510163865Z","target":"projects/tradehustleresumebuilder/locations/us-central1/functions/app","verb":"delete","cancelRequested":false,"apiVersion":"v2","requestResource":{"@type":"type.googleapis.com/google.cloud.functions.v2.Function","name":"projects/tradehustleresumebuilder/locations/us-central1/functions/app","environment":"GEN_2"},"stages":[{"name":"ARTIFACT_REGISTRY","state":"NOT_STARTED"},{"name":"SERVICE","message":"Deleting Cloud Run service","state":"IN_PROGRESS","resource":"projects/tradehustleresumebuilder/locations/us-central1/services/app"}],"operationType":"DELETE_FUNCTION"},"done":false}
[debug] [2025-10-03T03:04:10.036Z] <<< [apiv2][status] GET https://cloudfunctions.googleapis.com/v2/projects/tradehustleresumebuilder/locations/us-central1/operations/operation-1759460649484-640385b023ff6-2d29276a-d068ed06 200
[debug] [2025-10-03T03:04:10.043Z] <<< [apiv2][body] GET https://cloudfunctions.googleapis.com/v2/projects/tradehustleresumebuilder/locations/us-central1/operations/operation-1759460649484-640385b023ff6-2d29276a-d068ed06 {"name":"projects/tradehustleresumebuilder/locations/us-central1/operations/operation-1759460649484-640385b023ff6-2d29276a-d068ed06","metadata":{"@type":"type.googleapis.com/google.cloud.functions.v2.OperationMetadata","createTime":"2025-10-03T03:04:10.133790687Z","target":"projects/tradehustleresumebuilder/locations/us-central1/functions/healthCheck","verb":"create","cancelRequested":false,"apiVersion":"v2","requestResource":{"@type":"type.googleapis.com/google.cloud.functions.v2.Function","name":"projects/tradehustleresumebuilder/locations/us-central1/functions/healthCheck","buildConfig":{"runtime":"nodejs20","entryPoint":"healthCheck","source":{"storageSource":{"bucket":"gcf-v2-sources-190054658629-us-central1","object":"healthCheck/function-source.zip","generation":"1759460649826291"}},"environmentVariables":{"GOOGLE_NODE_RUN_SCRIPTS":""},"serviceAccount":"projects/tradehustleresumebuilder/serviceAccounts/190054658629-compute@developer.gserviceaccount.com","automaticUpdatePolicy":{}},"serviceConfig":{"service":"projects/tradehustleresumebuilder/locations/us-central1/services/healthcheck","timeoutSeconds":60,"environmentVariables":{"FIREBASE_CONFIG":"{\"projectId\":\"tradehustleresumebuilder\",\"storageBucket\":\"tradehustleresumebuilder.firebasestorage.app\"}","GCLOUD_PROJECT":"tradehustleresumebuilder","EVENTARC_CLOUD_EVENT_SOURCE":"projects/tradehustleresumebuilder/locations/us-central1/services/healthCheck","FUNCTION_TARGET":"healthCheck","LOG_EXECUTION_ID":"true"},"maxInstanceCount":10,"ingressSettings":"ALLOW_ALL","serviceAccountEmail":"190054658629-compute@developer.gserviceaccount.com","availableMemory":"256Mi","maxInstanceRequestConcurrency":80,"availableCpu":"1"},"labels":{"deployment-tool":"cli-firebase","firebase-functions-codebase":"api","firebase-functions-hash":"48895a4938f9c29e75e87d17a82b3023593a75f1"},"environment":"GEN_2"},"stages":[{"name":"BUILD","state":"NOT_STARTED"},{"name":"SERVICE","state":"NOT_STARTED"}],"operationType":"CREATE_FUNCTION"},"done":false}
[debug] [2025-10-03T03:04:10.111Z] [delete-api-us-central1-app] Retrying task index 0
[debug] [2025-10-03T03:04:10.113Z] Checked if tokens are valid: true, expires at: 1759463812949
[debug] [2025-10-03T03:04:10.113Z] Checked if tokens are valid: true, expires at: 1759463812949
[debug] [2025-10-03T03:04:10.114Z] >>> [apiv2][query] GET https://cloudfunctions.googleapis.com/v2/projects/tradehustleresumebuilder/locations/us-central1/operations/operation-1759460649481-640385b023405-21f887fd-f838bc0b [none]
[debug] [2025-10-03T03:04:10.468Z] <<< [apiv2][status] GET https://cloudfunctions.googleapis.com/v2/projects/tradehustleresumebuilder/locations/us-central1/operations/operation-1759460649481-640385b023405-21f887fd-f838bc0b 200
[debug] [2025-10-03T03:04:10.477Z] <<< [apiv2][body] GET https://cloudfunctions.googleapis.com/v2/projects/tradehustleresumebuilder/locations/us-central1/operations/operation-1759460649481-640385b023405-21f887fd-f838bc0b {"name":"projects/tradehustleresumebuilder/locations/us-central1/operations/operation-1759460649481-640385b023405-21f887fd-f838bc0b","metadata":{"@type":"type.googleapis.com/google.cloud.functions.v2.OperationMetadata","createTime":"2025-10-03T03:04:09.510163865Z","target":"projects/tradehustleresumebuilder/locations/us-central1/functions/app","verb":"delete","cancelRequested":false,"apiVersion":"v2","requestResource":{"@type":"type.googleapis.com/google.cloud.functions.v2.Function","name":"projects/tradehustleresumebuilder/locations/us-central1/functions/app","environment":"GEN_2"},"stages":[{"name":"ARTIFACT_REGISTRY","state":"NOT_STARTED"},{"name":"SERVICE","message":"Deleting Cloud Run service","state":"IN_PROGRESS","resource":"projects/tradehustleresumebuilder/locations/us-central1/services/app"}],"operationType":"DELETE_FUNCTION"},"done":false}
[debug] [2025-10-03T03:04:10.547Z] [create-api-us-central1-healthCheck] Retrying task index 0
[debug] [2025-10-03T03:04:10.549Z] Checked if tokens are valid: true, expires at: 1759463812949
[debug] [2025-10-03T03:04:10.550Z] Checked if tokens are valid: true, expires at: 1759463812949
[debug] [2025-10-03T03:04:10.551Z] >>> [apiv2][query] GET https://cloudfunctions.googleapis.com/v2/projects/tradehustleresumebuilder/locations/us-central1/operations/operation-1759460649484-640385b023ff6-2d29276a-d068ed06 [none]
[debug] [2025-10-03T03:04:11.083Z] <<< [apiv2][status] GET https://cloudfunctions.googleapis.com/v2/projects/tradehustleresumebuilder/locations/us-central1/operations/operation-1759460649484-640385b023ff6-2d29276a-d068ed06 200
[debug] [2025-10-03T03:04:11.083Z] <<< [apiv2][body] GET https://cloudfunctions.googleapis.com/v2/projects/tradehustleresumebuilder/locations/us-central1/operations/operation-1759460649484-640385b023ff6-2d29276a-d068ed06 {"name":"projects/tradehustleresumebuilder/locations/us-central1/operations/operation-1759460649484-640385b023ff6-2d29276a-d068ed06","metadata":{"@type":"type.googleapis.com/google.cloud.functions.v2.OperationMetadata","createTime":"2025-10-03T03:04:10.133790687Z","target":"projects/tradehustleresumebuilder/locations/us-central1/functions/healthCheck","verb":"create","cancelRequested":false,"apiVersion":"v2","requestResource":{"@type":"type.googleapis.com/google.cloud.functions.v2.Function","name":"projects/tradehustleresumebuilder/locations/us-central1/functions/healthCheck","buildConfig":{"runtime":"nodejs20","entryPoint":"healthCheck","source":{"storageSource":{"bucket":"gcf-v2-sources-190054658629-us-central1","object":"healthCheck/function-source.zip","generation":"1759460649826291"}},"environmentVariables":{"GOOGLE_NODE_RUN_SCRIPTS":""},"serviceAccount":"projects/tradehustleresumebuilder/serviceAccounts/190054658629-compute@developer.gserviceaccount.com","automaticUpdatePolicy":{}},"serviceConfig":{"service":"projects/tradehustleresumebuilder/locations/us-central1/services/healthcheck","timeoutSeconds":60,"environmentVariables":{"FIREBASE_CONFIG":"{\"projectId\":\"tradehustleresumebuilder\",\"storageBucket\":\"tradehustleresumebuilder.firebasestorage.app\"}","GCLOUD_PROJECT":"tradehustleresumebuilder","EVENTARC_CLOUD_EVENT_SOURCE":"projects/tradehustleresumebuilder/locations/us-central1/services/healthCheck","FUNCTION_TARGET":"healthCheck","LOG_EXECUTION_ID":"true"},"maxInstanceCount":10,"ingressSettings":"ALLOW_ALL","serviceAccountEmail":"190054658629-compute@developer.gserviceaccount.com","availableMemory":"256Mi","maxInstanceRequestConcurrency":80,"availableCpu":"1"},"labels":{"deployment-tool":"cli-firebase","firebase-functions-codebase":"api","firebase-functions-hash":"48895a4938f9c29e75e87d17a82b3023593a75f1"},"environment":"GEN_2"},"stages":[{"name":"BUILD","message":"Build in progress","state":"IN_PROGRESS","resource":"projects/190054658629/locations/us-central1/builds/32f1d893-3cf9-4723-92b1-543d0c4562c5","resourceUri":"https://console.cloud.google.com/cloud-build/builds;region=us-central1/32f1d893-3cf9-4723-92b1-543d0c4562c5?project=190054658629"},{"name":"SERVICE","state":"NOT_STARTED"}],"operationType":"CREATE_FUNCTION","buildName":"projects/190054658629/locations/us-central1/builds/32f1d893-3cf9-4723-92b1-543d0c4562c5"},"done":false}
[debug] [2025-10-03T03:04:11.481Z] [delete-api-us-central1-app] Retrying task index 0
[debug] [2025-10-03T03:04:11.482Z] Checked if tokens are valid: true, expires at: 1759463812949
[debug] [2025-10-03T03:04:11.484Z] Checked if tokens are valid: true, expires at: 1759463812949
[debug] [2025-10-03T03:04:11.486Z] >>> [apiv2][query] GET https://cloudfunctions.googleapis.com/v2/projects/tradehustleresumebuilder/locations/us-central1/operations/operation-1759460649481-640385b023405-21f887fd-f838bc0b [none]
[debug] [2025-10-03T03:04:12.027Z] <<< [apiv2][status] GET https://cloudfunctions.googleapis.com/v2/projects/tradehustleresumebuilder/locations/us-central1/operations/operation-1759460649481-640385b023405-21f887fd-f838bc0b 200
[debug] [2025-10-03T03:04:12.028Z] <<< [apiv2][body] GET https://cloudfunctions.googleapis.com/v2/projects/tradehustleresumebuilder/locations/us-central1/operations/operation-1759460649481-640385b023405-21f887fd-f838bc0b {"name":"projects/tradehustleresumebuilder/locations/us-central1/operations/operation-1759460649481-640385b023405-21f887fd-f838bc0b","metadata":{"@type":"type.googleapis.com/google.cloud.functions.v2.OperationMetadata","createTime":"2025-10-03T03:04:09.510163865Z","endTime":"2025-10-03T03:04:12.471448884Z","target":"projects/tradehustleresumebuilder/locations/us-central1/functions/app","verb":"delete","cancelRequested":false,"apiVersion":"v2","requestResource":{"@type":"type.googleapis.com/google.cloud.functions.v2.Function","name":"projects/tradehustleresumebuilder/locations/us-central1/functions/app","environment":"GEN_2"},"stages":[{"name":"ARTIFACT_REGISTRY","message":"Deleting function artifacts in Artifact Registry","state":"COMPLETE"},{"name":"SERVICE","message":"Deleting Cloud Run service","state":"COMPLETE","resource":"projects/tradehustleresumebuilder/locations/us-central1/services/app"}],"operationType":"DELETE_FUNCTION"},"done":true,"response":{"@type":"type.googleapis.com/google.protobuf.Empty"}}
[info] ✔  functions[api:app(us-central1)] Successful delete operation. 
[debug] [2025-10-03T03:04:12.084Z] [create-api-us-central1-healthCheck] Retrying task index 0
[debug] [2025-10-03T03:04:12.085Z] Checked if tokens are valid: true, expires at: 1759463812949
[debug] [2025-10-03T03:04:12.085Z] Checked if tokens are valid: true, expires at: 1759463812949
[debug] [2025-10-03T03:04:12.086Z] >>> [apiv2][query] GET https://cloudfunctions.googleapis.com/v2/projects/tradehustleresumebuilder/locations/us-central1/operations/operation-1759460649484-640385b023ff6-2d29276a-d068ed06 [none]
[debug] [2025-10-03T03:04:12.525Z] <<< [apiv2][status] GET https://cloudfunctions.googleapis.com/v2/projects/tradehustleresumebuilder/locations/us-central1/operations/operation-1759460649484-640385b023ff6-2d29276a-d068ed06 200
[debug] [2025-10-03T03:04:12.525Z] <<< [apiv2][body] GET https://cloudfunctions.googleapis.com/v2/projects/tradehustleresumebuilder/locations/us-central1/operations/operation-1759460649484-640385b023ff6-2d29276a-d068ed06 {"name":"projects/tradehustleresumebuilder/locations/us-central1/operations/operation-1759460649484-640385b023ff6-2d29276a-d068ed06","metadata":{"@type":"type.googleapis.com/google.cloud.functions.v2.OperationMetadata","createTime":"2025-10-03T03:04:10.133790687Z","target":"projects/tradehustleresumebuilder/locations/us-central1/functions/healthCheck","verb":"create","cancelRequested":false,"apiVersion":"v2","requestResource":{"@type":"type.googleapis.com/google.cloud.functions.v2.Function","name":"projects/tradehustleresumebuilder/locations/us-central1/functions/healthCheck","buildConfig":{"runtime":"nodejs20","entryPoint":"healthCheck","source":{"storageSource":{"bucket":"gcf-v2-sources-190054658629-us-central1","object":"healthCheck/function-source.zip","generation":"1759460649826291"}},"environmentVariables":{"GOOGLE_NODE_RUN_SCRIPTS":""},"serviceAccount":"projects/tradehustleresumebuilder/serviceAccounts/190054658629-compute@developer.gserviceaccount.com","automaticUpdatePolicy":{}},"serviceConfig":{"service":"projects/tradehustleresumebuilder/locations/us-central1/services/healthcheck","timeoutSeconds":60,"environmentVariables":{"FIREBASE_CONFIG":"{\"projectId\":\"tradehustleresumebuilder\",\"storageBucket\":\"tradehustleresumebuilder.firebasestorage.app\"}","GCLOUD_PROJECT":"tradehustleresumebuilder","EVENTARC_CLOUD_EVENT_SOURCE":"projects/tradehustleresumebuilder/locations/us-central1/services/healthCheck","FUNCTION_TARGET":"healthCheck","LOG_EXECUTION_ID":"true"},"maxInstanceCount":10,"ingressSettings":"ALLOW_ALL","serviceAccountEmail":"190054658629-compute@developer.gserviceaccount.com","availableMemory":"256Mi","maxInstanceRequestConcurrency":80,"availableCpu":"1"},"labels":{"deployment-tool":"cli-firebase","firebase-functions-codebase":"api","firebase-functions-hash":"48895a4938f9c29e75e87d17a82b3023593a75f1"},"environment":"GEN_2"},"stages":[{"name":"BUILD","message":"Build in progress","state":"IN_PROGRESS","resource":"projects/190054658629/locations/us-central1/builds/32f1d893-3cf9-4723-92b1-543d0c4562c5","resourceUri":"https://console.cloud.google.com/cloud-build/builds;region=us-central1/32f1d893-3cf9-4723-92b1-543d0c4562c5?project=190054658629"},{"name":"SERVICE","state":"NOT_STARTED"}],"operationType":"CREATE_FUNCTION","buildName":"projects/190054658629/locations/us-central1/builds/32f1d893-3cf9-4723-92b1-543d0c4562c5"},"done":false}
[debug] [2025-10-03T03:04:14.529Z] [create-api-us-central1-healthCheck] Retrying task index 0
[debug] [2025-10-03T03:04:14.531Z] Checked if tokens are valid: true, expires at: 1759463812949
[debug] [2025-10-03T03:04:14.532Z] Checked if tokens are valid: true, expires at: 1759463812949
[debug] [2025-10-03T03:04:14.534Z] >>> [apiv2][query] GET https://cloudfunctions.googleapis.com/v2/projects/tradehustleresumebuilder/locations/us-central1/operations/operation-1759460649484-640385b023ff6-2d29276a-d068ed06 [none]
[debug] [2025-10-03T03:04:15.063Z] <<< [apiv2][status] GET https://cloudfunctions.googleapis.com/v2/projects/tradehustleresumebuilder/locations/us-central1/operations/operation-1759460649484-640385b023ff6-2d29276a-d068ed06 200
[debug] [2025-10-03T03:04:15.064Z] <<< [apiv2][body] GET https://cloudfunctions.googleapis.com/v2/projects/tradehustleresumebuilder/locations/us-central1/operations/operation-1759460649484-640385b023ff6-2d29276a-d068ed06 {"name":"projects/tradehustleresumebuilder/locations/us-central1/operations/operation-1759460649484-640385b023ff6-2d29276a-d068ed06","metadata":{"@type":"type.googleapis.com/google.cloud.functions.v2.OperationMetadata","createTime":"2025-10-03T03:04:10.133790687Z","target":"projects/tradehustleresumebuilder/locations/us-central1/functions/healthCheck","verb":"create","cancelRequested":false,"apiVersion":"v2","requestResource":{"@type":"type.googleapis.com/google.cloud.functions.v2.Function","name":"projects/tradehustleresumebuilder/locations/us-central1/functions/healthCheck","buildConfig":{"runtime":"nodejs20","entryPoint":"healthCheck","source":{"storageSource":{"bucket":"gcf-v2-sources-190054658629-us-central1","object":"healthCheck/function-source.zip","generation":"1759460649826291"}},"environmentVariables":{"GOOGLE_NODE_RUN_SCRIPTS":""},"serviceAccount":"projects/tradehustleresumebuilder/serviceAccounts/190054658629-compute@developer.gserviceaccount.com","automaticUpdatePolicy":{}},"serviceConfig":{"service":"projects/tradehustleresumebuilder/locations/us-central1/services/healthcheck","timeoutSeconds":60,"environmentVariables":{"FIREBASE_CONFIG":"{\"projectId\":\"tradehustleresumebuilder\",\"storageBucket\":\"tradehustleresumebuilder.firebasestorage.app\"}","GCLOUD_PROJECT":"tradehustleresumebuilder","EVENTARC_CLOUD_EVENT_SOURCE":"projects/tradehustleresumebuilder/locations/us-central1/services/healthCheck","FUNCTION_TARGET":"healthCheck","LOG_EXECUTION_ID":"true"},"maxInstanceCount":10,"ingressSettings":"ALLOW_ALL","serviceAccountEmail":"190054658629-compute@developer.gserviceaccount.com","availableMemory":"256Mi","maxInstanceRequestConcurrency":80,"availableCpu":"1"},"labels":{"deployment-tool":"cli-firebase","firebase-functions-codebase":"api","firebase-functions-hash":"48895a4938f9c29e75e87d17a82b3023593a75f1"},"environment":"GEN_2"},"stages":[{"name":"BUILD","message":"Build in progress","state":"IN_PROGRESS","resource":"projects/190054658629/locations/us-central1/builds/32f1d893-3cf9-4723-92b1-543d0c4562c5","resourceUri":"https://console.cloud.google.com/cloud-build/builds;region=us-central1/32f1d893-3cf9-4723-92b1-543d0c4562c5?project=190054658629"},{"name":"SERVICE","state":"NOT_STARTED"}],"operationType":"CREATE_FUNCTION","buildName":"projects/190054658629/locations/us-central1/builds/32f1d893-3cf9-4723-92b1-543d0c4562c5"},"done":false}
[debug] [2025-10-03T03:04:19.077Z] [create-api-us-central1-healthCheck] Retrying task index 0
[debug] [2025-10-03T03:04:19.078Z] Checked if tokens are valid: true, expires at: 1759463812949
[debug] [2025-10-03T03:04:19.078Z] Checked if tokens are valid: true, expires at: 1759463812949
[debug] [2025-10-03T03:04:19.078Z] >>> [apiv2][query] GET https://cloudfunctions.googleapis.com/v2/projects/tradehustleresumebuilder/locations/us-central1/operations/operation-1759460649484-640385b023ff6-2d29276a-d068ed06 [none]
[debug] [2025-10-03T03:04:19.734Z] <<< [apiv2][status] GET https://cloudfunctions.googleapis.com/v2/projects/tradehustleresumebuilder/locations/us-central1/operations/operation-1759460649484-640385b023ff6-2d29276a-d068ed06 200
[debug] [2025-10-03T03:04:19.736Z] <<< [apiv2][body] GET https://cloudfunctions.googleapis.com/v2/projects/tradehustleresumebuilder/locations/us-central1/operations/operation-1759460649484-640385b023ff6-2d29276a-d068ed06 {"name":"projects/tradehustleresumebuilder/locations/us-central1/operations/operation-1759460649484-640385b023ff6-2d29276a-d068ed06","metadata":{"@type":"type.googleapis.com/google.cloud.functions.v2.OperationMetadata","createTime":"2025-10-03T03:04:10.133790687Z","target":"projects/tradehustleresumebuilder/locations/us-central1/functions/healthCheck","verb":"create","cancelRequested":false,"apiVersion":"v2","requestResource":{"@type":"type.googleapis.com/google.cloud.functions.v2.Function","name":"projects/tradehustleresumebuilder/locations/us-central1/functions/healthCheck","buildConfig":{"runtime":"nodejs20","entryPoint":"healthCheck","source":{"storageSource":{"bucket":"gcf-v2-sources-190054658629-us-central1","object":"healthCheck/function-source.zip","generation":"1759460649826291"}},"environmentVariables":{"GOOGLE_NODE_RUN_SCRIPTS":""},"serviceAccount":"projects/tradehustleresumebuilder/serviceAccounts/190054658629-compute@developer.gserviceaccount.com","automaticUpdatePolicy":{}},"serviceConfig":{"service":"projects/tradehustleresumebuilder/locations/us-central1/services/healthcheck","timeoutSeconds":60,"environmentVariables":{"FIREBASE_CONFIG":"{\"projectId\":\"tradehustleresumebuilder\",\"storageBucket\":\"tradehustleresumebuilder.firebasestorage.app\"}","GCLOUD_PROJECT":"tradehustleresumebuilder","EVENTARC_CLOUD_EVENT_SOURCE":"projects/tradehustleresumebuilder/locations/us-central1/services/healthCheck","FUNCTION_TARGET":"healthCheck","LOG_EXECUTION_ID":"true"},"maxInstanceCount":10,"ingressSettings":"ALLOW_ALL","serviceAccountEmail":"190054658629-compute@developer.gserviceaccount.com","availableMemory":"256Mi","maxInstanceRequestConcurrency":80,"availableCpu":"1"},"labels":{"deployment-tool":"cli-firebase","firebase-functions-codebase":"api","firebase-functions-hash":"48895a4938f9c29e75e87d17a82b3023593a75f1"},"environment":"GEN_2"},"stages":[{"name":"BUILD","message":"Build in progress","state":"IN_PROGRESS","resource":"projects/190054658629/locations/us-central1/builds/32f1d893-3cf9-4723-92b1-543d0c4562c5","resourceUri":"https://console.cloud.google.com/cloud-build/builds;region=us-central1/32f1d893-3cf9-4723-92b1-543d0c4562c5?project=190054658629"},{"name":"SERVICE","state":"NOT_STARTED"}],"operationType":"CREATE_FUNCTION","buildName":"projects/190054658629/locations/us-central1/builds/32f1d893-3cf9-4723-92b1-543d0c4562c5"},"done":false}
[debug] [2025-10-03T03:04:27.742Z] [create-api-us-central1-healthCheck] Retrying task index 0
[debug] [2025-10-03T03:04:27.745Z] Checked if tokens are valid: true, expires at: 1759463812949
[debug] [2025-10-03T03:04:27.745Z] Checked if tokens are valid: true, expires at: 1759463812949
[debug] [2025-10-03T03:04:27.746Z] >>> [apiv2][query] GET https://cloudfunctions.googleapis.com/v2/projects/tradehustleresumebuilder/locations/us-central1/operations/operation-1759460649484-640385b023ff6-2d29276a-d068ed06 [none]
[debug] [2025-10-03T03:04:28.902Z] <<< [apiv2][status] GET https://cloudfunctions.googleapis.com/v2/projects/tradehustleresumebuilder/locations/us-central1/operations/operation-1759460649484-640385b023ff6-2d29276a-d068ed06 200
[debug] [2025-10-03T03:04:28.903Z] <<< [apiv2][body] GET https://cloudfunctions.googleapis.com/v2/projects/tradehustleresumebuilder/locations/us-central1/operations/operation-1759460649484-640385b023ff6-2d29276a-d068ed06 {"name":"projects/tradehustleresumebuilder/locations/us-central1/operations/operation-1759460649484-640385b023ff6-2d29276a-d068ed06","metadata":{"@type":"type.googleapis.com/google.cloud.functions.v2.OperationMetadata","createTime":"2025-10-03T03:04:10.133790687Z","target":"projects/tradehustleresumebuilder/locations/us-central1/functions/healthCheck","verb":"create","cancelRequested":false,"apiVersion":"v2","requestResource":{"@type":"type.googleapis.com/google.cloud.functions.v2.Function","name":"projects/tradehustleresumebuilder/locations/us-central1/functions/healthCheck","buildConfig":{"runtime":"nodejs20","entryPoint":"healthCheck","source":{"storageSource":{"bucket":"gcf-v2-sources-190054658629-us-central1","object":"healthCheck/function-source.zip","generation":"1759460649826291"}},"environmentVariables":{"GOOGLE_NODE_RUN_SCRIPTS":""},"serviceAccount":"projects/tradehustleresumebuilder/serviceAccounts/190054658629-compute@developer.gserviceaccount.com","automaticUpdatePolicy":{}},"serviceConfig":{"service":"projects/tradehustleresumebuilder/locations/us-central1/services/healthcheck","timeoutSeconds":60,"environmentVariables":{"FIREBASE_CONFIG":"{\"projectId\":\"tradehustleresumebuilder\",\"storageBucket\":\"tradehustleresumebuilder.firebasestorage.app\"}","GCLOUD_PROJECT":"tradehustleresumebuilder","EVENTARC_CLOUD_EVENT_SOURCE":"projects/tradehustleresumebuilder/locations/us-central1/services/healthCheck","FUNCTION_TARGET":"healthCheck","LOG_EXECUTION_ID":"true"},"maxInstanceCount":10,"ingressSettings":"ALLOW_ALL","serviceAccountEmail":"190054658629-compute@developer.gserviceaccount.com","availableMemory":"256Mi","maxInstanceRequestConcurrency":80,"availableCpu":"1"},"labels":{"deployment-tool":"cli-firebase","firebase-functions-codebase":"api","firebase-functions-hash":"48895a4938f9c29e75e87d17a82b3023593a75f1"},"environment":"GEN_2"},"stages":[{"name":"ARTIFACT_REGISTRY","state":"NOT_STARTED"},{"name":"SERVICE","message":"Deleting Cloud Run service","state":"COMPLETE","resource":"projects/tradehustleresumebuilder/locations/us-central1/services/healthcheck"}],"operationType":"CREATE_FUNCTION"},"done":false}
[debug] [2025-10-03T03:04:38.912Z] [create-api-us-central1-healthCheck] Retrying task index 0
[debug] [2025-10-03T03:04:38.916Z] Checked if tokens are valid: true, expires at: 1759463812949
[debug] [2025-10-03T03:04:38.917Z] Checked if tokens are valid: true, expires at: 1759463812949
[debug] [2025-10-03T03:04:38.917Z] >>> [apiv2][query] GET https://cloudfunctions.googleapis.com/v2/projects/tradehustleresumebuilder/locations/us-central1/operations/operation-1759460649484-640385b023ff6-2d29276a-d068ed06 [none]
[debug] [2025-10-03T03:04:40.903Z] <<< [apiv2][status] GET https://cloudfunctions.googleapis.com/v2/projects/tradehustleresumebuilder/locations/us-central1/operations/operation-1759460649484-640385b023ff6-2d29276a-d068ed06 200
[debug] [2025-10-03T03:04:40.904Z] <<< [apiv2][body] GET https://cloudfunctions.googleapis.com/v2/projects/tradehustleresumebuilder/locations/us-central1/operations/operation-1759460649484-640385b023ff6-2d29276a-d068ed06 {"name":"projects/tradehustleresumebuilder/locations/us-central1/operations/operation-1759460649484-640385b023ff6-2d29276a-d068ed06","metadata":{"@type":"type.googleapis.com/google.cloud.functions.v2.OperationMetadata","createTime":"2025-10-03T03:04:10.133790687Z","endTime":"2025-10-03T03:04:29.660881253Z","target":"projects/tradehustleresumebuilder/locations/us-central1/functions/healthCheck","verb":"create","cancelRequested":false,"apiVersion":"v2","requestResource":{"@type":"type.googleapis.com/google.cloud.functions.v2.Function","name":"projects/tradehustleresumebuilder/locations/us-central1/functions/healthCheck","buildConfig":{"runtime":"nodejs20","entryPoint":"healthCheck","source":{"storageSource":{"bucket":"gcf-v2-sources-190054658629-us-central1","object":"healthCheck/function-source.zip","generation":"1759460649826291"}},"environmentVariables":{"GOOGLE_NODE_RUN_SCRIPTS":""},"serviceAccount":"projects/tradehustleresumebuilder/serviceAccounts/190054658629-compute@developer.gserviceaccount.com","automaticUpdatePolicy":{}},"serviceConfig":{"service":"projects/tradehustleresumebuilder/locations/us-central1/services/healthcheck","timeoutSeconds":60,"environmentVariables":{"FIREBASE_CONFIG":"{\"projectId\":\"tradehustleresumebuilder\",\"storageBucket\":\"tradehustleresumebuilder.firebasestorage.app\"}","GCLOUD_PROJECT":"tradehustleresumebuilder","EVENTARC_CLOUD_EVENT_SOURCE":"projects/tradehustleresumebuilder/locations/us-central1/services/healthCheck","FUNCTION_TARGET":"healthCheck","LOG_EXECUTION_ID":"true"},"maxInstanceCount":10,"ingressSettings":"ALLOW_ALL","serviceAccountEmail":"190054658629-compute@developer.gserviceaccount.com","availableMemory":"256Mi","maxInstanceRequestConcurrency":80,"availableCpu":"1"},"labels":{"deployment-tool":"cli-firebase","firebase-functions-codebase":"api","firebase-functions-hash":"48895a4938f9c29e75e87d17a82b3023593a75f1"},"environment":"GEN_2"},"stages":[{"name":"ARTIFACT_REGISTRY","message":"Deleting function artifacts in Artifact Registry","state":"COMPLETE"},{"name":"SERVICE","message":"Deleting Cloud Run service","state":"COMPLETE","resource":"projects/tradehustleresumebuilder/locations/us-central1/services/healthcheck"}],"operationType":"CREATE_FUNCTION"},"done":true,"error":{"code":3,"message":"Build failed with status: FAILURE. Could not build the function due to a missing permission on the build service account. If you didn't revoke that permission explicitly, this could be caused by a change in the organization policies. Please refer to the following documentation for more details and resolution: https://cloud.google.com/functions/docs/troubleshooting#build-service-account\n You can also view the logs at https://console.cloud.google.com/cloud-build/builds;region=us-central1/32f1d893-3cf9-4723-92b1-543d0c4562c5?project=190054658629.\n"}}
[debug] [2025-10-03T03:04:40.904Z] Got source token undefined for region us-central1
[debug] [2025-10-03T03:04:40.927Z] Checked if tokens are valid: true, expires at: 1759463812949
[debug] [2025-10-03T03:04:40.928Z] Checked if tokens are valid: true, expires at: 1759463812949
[debug] [2025-10-03T03:04:40.928Z] Checked if tokens are valid: true, expires at: 1759463812949
[debug] [2025-10-03T03:04:40.929Z] Checked if tokens are valid: true, expires at: 1759463812949
[debug] [2025-10-03T03:04:40.931Z] Checked if tokens are valid: true, expires at: 1759463812949
[debug] [2025-10-03T03:04:40.933Z] Checked if tokens are valid: true, expires at: 1759463812949
[debug] [2025-10-03T03:04:40.934Z] Checked if tokens are valid: true, expires at: 1759463812949
[debug] [2025-10-03T03:04:40.937Z] Checked if tokens are valid: true, expires at: 1759463812949
[debug] [2025-10-03T03:04:40.938Z] >>> [apiv2][query] PATCH https://cloudfunctions.googleapis.com/v2/projects/tradehustleresumebuilder/locations/us-central1/functions/signup updateMask=name%2CbuildConfig.runtime%2CbuildConfig.entryPoint%2CbuildConfig.source.storageSource.bucket%2CbuildConfig.source.storageSource.object%2CbuildConfig.environmentVariables%2CbuildConfig.sourceToken%2CserviceConfig.environmentVariables%2CserviceConfig.ingressSettings%2CserviceConfig.timeoutSeconds%2CserviceConfig.serviceAccountEmail%2CserviceConfig.availableMemory%2CserviceConfig.minInstanceCount%2CserviceConfig.maxInstanceCount%2CserviceConfig.maxInstanceRequestConcurrency%2CserviceConfig.availableCpu%2CserviceConfig.vpcConnector%2CserviceConfig.vpcConnectorEgressSettings%2Clabels
[debug] [2025-10-03T03:04:40.938Z] >>> [apiv2][body] PATCH https://cloudfunctions.googleapis.com/v2/projects/tradehustleresumebuilder/locations/us-central1/functions/signup {"name":"projects/tradehustleresumebuilder/locations/us-central1/functions/signup","buildConfig":{"runtime":"nodejs20","entryPoint":"signup","source":{"storageSource":{"bucket":"gcf-v2-uploads-190054658629.us-central1.cloudfunctions.appspot.com","object":"a25d7d46-c71b-4e74-99e6-cb8d4f115728.zip"}},"environmentVariables":{"GOOGLE_NODE_RUN_SCRIPTS":""}},"serviceConfig":{"environmentVariables":{"FIREBASE_CONFIG":"{\"projectId\":\"tradehustleresumebuilder\",\"storageBucket\":\"tradehustleresumebuilder.firebasestorage.app\"}","GCLOUD_PROJECT":"tradehustleresumebuilder","EVENTARC_CLOUD_EVENT_SOURCE":"projects/tradehustleresumebuilder/locations/us-central1/services/signup","FUNCTION_TARGET":"signup","LOG_EXECUTION_ID":"true"},"ingressSettings":null,"timeoutSeconds":null,"serviceAccountEmail":null,"availableMemory":"256Mi","minInstanceCount":null,"maxInstanceCount":10,"maxInstanceRequestConcurrency":80,"availableCpu":"1","vpcConnector":null,"vpcConnectorEgressSettings":null},"labels":{"deployment-tool":"cli-firebase","firebase-functions-codebase":"api","firebase-functions-hash":"48895a4938f9c29e75e87d17a82b3023593a75f1"}}
[debug] [2025-10-03T03:04:40.946Z] >>> [apiv2][query] PATCH https://cloudfunctions.googleapis.com/v2/projects/tradehustleresumebuilder/locations/us-central1/functions/unlockResume updateMask=name%2CbuildConfig.runtime%2CbuildConfig.entryPoint%2CbuildConfig.source.storageSource.bucket%2CbuildConfig.source.storageSource.object%2CbuildConfig.environmentVariables%2CbuildConfig.sourceToken%2CserviceConfig.environmentVariables%2CserviceConfig.ingressSettings%2CserviceConfig.timeoutSeconds%2CserviceConfig.serviceAccountEmail%2CserviceConfig.availableMemory%2CserviceConfig.minInstanceCount%2CserviceConfig.maxInstanceCount%2CserviceConfig.maxInstanceRequestConcurrency%2CserviceConfig.availableCpu%2CserviceConfig.vpcConnector%2CserviceConfig.vpcConnectorEgressSettings%2Clabels
[debug] [2025-10-03T03:04:40.947Z] >>> [apiv2][body] PATCH https://cloudfunctions.googleapis.com/v2/projects/tradehustleresumebuilder/locations/us-central1/functions/unlockResume {"name":"projects/tradehustleresumebuilder/locations/us-central1/functions/unlockResume","buildConfig":{"runtime":"nodejs20","entryPoint":"unlockResume","source":{"storageSource":{"bucket":"gcf-v2-uploads-190054658629.us-central1.cloudfunctions.appspot.com","object":"a25d7d46-c71b-4e74-99e6-cb8d4f115728.zip"}},"environmentVariables":{"GOOGLE_NODE_RUN_SCRIPTS":""}},"serviceConfig":{"environmentVariables":{"FIREBASE_CONFIG":"{\"projectId\":\"tradehustleresumebuilder\",\"storageBucket\":\"tradehustleresumebuilder.firebasestorage.app\"}","GCLOUD_PROJECT":"tradehustleresumebuilder","EVENTARC_CLOUD_EVENT_SOURCE":"projects/tradehustleresumebuilder/locations/us-central1/services/unlockResume","FUNCTION_TARGET":"unlockResume","LOG_EXECUTION_ID":"true","FUNCTION_SIGNATURE_TYPE":"http"},"ingressSettings":null,"timeoutSeconds":null,"serviceAccountEmail":null,"availableMemory":"256Mi","minInstanceCount":null,"maxInstanceCount":10,"maxInstanceRequestConcurrency":80,"availableCpu":"1","vpcConnector":null,"vpcConnectorEgressSettings":null},"labels":{"deployment-tool":"cli-firebase","firebase-functions-codebase":"api","firebase-functions-hash":"48895a4938f9c29e75e87d17a82b3023593a75f1"}}
[debug] [2025-10-03T03:04:40.964Z] >>> [apiv2][query] PATCH https://cloudfunctions.googleapis.com/v2/projects/tradehustleresumebuilder/locations/us-central1/functions/editResume updateMask=name%2CbuildConfig.runtime%2CbuildConfig.entryPoint%2CbuildConfig.source.storageSource.bucket%2CbuildConfig.source.storageSource.object%2CbuildConfig.environmentVariables%2CbuildConfig.sourceToken%2CserviceConfig.environmentVariables%2CserviceConfig.ingressSettings%2CserviceConfig.timeoutSeconds%2CserviceConfig.serviceAccountEmail%2CserviceConfig.availableMemory%2CserviceConfig.minInstanceCount%2CserviceConfig.maxInstanceCount%2CserviceConfig.maxInstanceRequestConcurrency%2CserviceConfig.availableCpu%2CserviceConfig.vpcConnector%2CserviceConfig.vpcConnectorEgressSettings%2Clabels
[debug] [2025-10-03T03:04:40.965Z] >>> [apiv2][body] PATCH https://cloudfunctions.googleapis.com/v2/projects/tradehustleresumebuilder/locations/us-central1/functions/editResume {"name":"projects/tradehustleresumebuilder/locations/us-central1/functions/editResume","buildConfig":{"runtime":"nodejs20","entryPoint":"editResume","source":{"storageSource":{"bucket":"gcf-v2-uploads-190054658629.us-central1.cloudfunctions.appspot.com","object":"a25d7d46-c71b-4e74-99e6-cb8d4f115728.zip"}},"environmentVariables":{"GOOGLE_NODE_RUN_SCRIPTS":""}},"serviceConfig":{"environmentVariables":{"FIREBASE_CONFIG":"{\"projectId\":\"tradehustleresumebuilder\",\"storageBucket\":\"tradehustleresumebuilder.firebasestorage.app\"}","GCLOUD_PROJECT":"tradehustleresumebuilder","EVENTARC_CLOUD_EVENT_SOURCE":"projects/tradehustleresumebuilder/locations/us-central1/services/editResume","FUNCTION_TARGET":"editResume","LOG_EXECUTION_ID":"true","FUNCTION_SIGNATURE_TYPE":"http"},"ingressSettings":null,"timeoutSeconds":null,"serviceAccountEmail":null,"availableMemory":"256Mi","minInstanceCount":null,"maxInstanceCount":10,"maxInstanceRequestConcurrency":80,"availableCpu":"1","vpcConnector":null,"vpcConnectorEgressSettings":null},"labels":{"deployment-tool":"cli-firebase","firebase-functions-codebase":"api","firebase-functions-hash":"48895a4938f9c29e75e87d17a82b3023593a75f1"}}
[debug] [2025-10-03T03:04:40.976Z] >>> [apiv2][query] PATCH https://cloudfunctions.googleapis.com/v2/projects/tradehustleresumebuilder/locations/us-central1/functions/verifyRecaptcha updateMask=name%2CbuildConfig.runtime%2CbuildConfig.entryPoint%2CbuildConfig.source.storageSource.bucket%2CbuildConfig.source.storageSource.object%2CbuildConfig.environmentVariables%2CbuildConfig.sourceToken%2CserviceConfig.environmentVariables%2CserviceConfig.ingressSettings%2CserviceConfig.timeoutSeconds%2CserviceConfig.serviceAccountEmail%2CserviceConfig.availableMemory%2CserviceConfig.minInstanceCount%2CserviceConfig.maxInstanceCount%2CserviceConfig.maxInstanceRequestConcurrency%2CserviceConfig.availableCpu%2CserviceConfig.vpcConnector%2CserviceConfig.vpcConnectorEgressSettings%2Clabels
[debug] [2025-10-03T03:04:40.977Z] >>> [apiv2][body] PATCH https://cloudfunctions.googleapis.com/v2/projects/tradehustleresumebuilder/locations/us-central1/functions/verifyRecaptcha {"name":"projects/tradehustleresumebuilder/locations/us-central1/functions/verifyRecaptcha","buildConfig":{"runtime":"nodejs20","entryPoint":"verifyRecaptcha","source":{"storageSource":{"bucket":"gcf-v2-uploads-190054658629.us-central1.cloudfunctions.appspot.com","object":"a25d7d46-c71b-4e74-99e6-cb8d4f115728.zip"}},"environmentVariables":{"GOOGLE_NODE_RUN_SCRIPTS":""}},"serviceConfig":{"environmentVariables":{"FIREBASE_CONFIG":"{\"projectId\":\"tradehustleresumebuilder\",\"storageBucket\":\"tradehustleresumebuilder.firebasestorage.app\"}","GCLOUD_PROJECT":"tradehustleresumebuilder","EVENTARC_CLOUD_EVENT_SOURCE":"projects/tradehustleresumebuilder/locations/us-central1/services/verifyRecaptcha","FUNCTION_TARGET":"verifyRecaptcha","LOG_EXECUTION_ID":"true"},"ingressSettings":null,"timeoutSeconds":null,"serviceAccountEmail":null,"availableMemory":"256Mi","minInstanceCount":null,"maxInstanceCount":10,"maxInstanceRequestConcurrency":80,"availableCpu":"1","vpcConnector":null,"vpcConnectorEgressSettings":null},"labels":{"deployment-tool":"cli-firebase","firebase-functions-codebase":"api","firebase-functions-hash":"48895a4938f9c29e75e87d17a82b3023593a75f1"}}
[error] Build failed with status: FAILURE. Could not build the function due to a missing permission on the build service account. If you didn't revoke that permission explicitly, this could be caused by a change in the organization policies. Please refer to the following documentation for more details and resolution: https://cloud.google.com/functions/docs/troubleshooting#build-service-account
 You can also view the logs at https://console.cloud.google.com/cloud-build/builds;region=us-central1/32f1d893-3cf9-4723-92b1-543d0c4562c5?project=190054658629.

[debug] [2025-10-03T03:04:42.733Z] <<< [apiv2][status] PATCH https://cloudfunctions.googleapis.com/v2/projects/tradehustleresumebuilder/locations/us-central1/functions/signup 200
[debug] [2025-10-03T03:04:42.734Z] <<< [apiv2][body] PATCH https://cloudfunctions.googleapis.com/v2/projects/tradehustleresumebuilder/locations/us-central1/functions/signup {"name":"projects/tradehustleresumebuilder/locations/us-central1/operations/operation-1759460682252-640385cf64280-febd7690-fd6539d1","metadata":{"@type":"type.googleapis.com/google.cloud.functions.v2.OperationMetadata","createTime":"2025-10-03T03:04:43.321581500Z","target":"projects/tradehustleresumebuilder/locations/us-central1/functions/signup","verb":"update","cancelRequested":false,"apiVersion":"v2"},"done":false}
[debug] [2025-10-03T03:04:42.743Z] Checked if tokens are valid: true, expires at: 1759463812949
[debug] [2025-10-03T03:04:42.744Z] Checked if tokens are valid: true, expires at: 1759463812949
[debug] [2025-10-03T03:04:42.753Z] >>> [apiv2][query] GET https://cloudfunctions.googleapis.com/v2/projects/tradehustleresumebuilder/locations/us-central1/operations/operation-1759460682252-640385cf64280-febd7690-fd6539d1 [none]
[debug] [2025-10-03T03:04:43.373Z] <<< [apiv2][status] PATCH https://cloudfunctions.googleapis.com/v2/projects/tradehustleresumebuilder/locations/us-central1/functions/verifyRecaptcha 200
[debug] [2025-10-03T03:04:43.373Z] <<< [apiv2][body] PATCH https://cloudfunctions.googleapis.com/v2/projects/tradehustleresumebuilder/locations/us-central1/functions/verifyRecaptcha {"name":"projects/tradehustleresumebuilder/locations/us-central1/operations/operation-1759460683256-640385d059422-d4b7e2a3-a0dd2e46","metadata":{"@type":"type.googleapis.com/google.cloud.functions.v2.OperationMetadata","createTime":"2025-10-03T03:04:44.047481879Z","target":"projects/tradehustleresumebuilder/locations/us-central1/functions/verifyRecaptcha","verb":"update","cancelRequested":false,"apiVersion":"v2"},"done":false}
[debug] [2025-10-03T03:04:43.376Z] Checked if tokens are valid: true, expires at: 1759463812949
[debug] [2025-10-03T03:04:43.376Z] Checked if tokens are valid: true, expires at: 1759463812949
[debug] [2025-10-03T03:04:43.377Z] >>> [apiv2][query] GET https://cloudfunctions.googleapis.com/v2/projects/tradehustleresumebuilder/locations/us-central1/operations/operation-1759460683256-640385d059422-d4b7e2a3-a0dd2e46 [none]
[debug] [2025-10-03T03:04:43.392Z] <<< [apiv2][status] PATCH https://cloudfunctions.googleapis.com/v2/projects/tradehustleresumebuilder/locations/us-central1/functions/editResume 200
[debug] [2025-10-03T03:04:43.393Z] <<< [apiv2][body] PATCH https://cloudfunctions.googleapis.com/v2/projects/tradehustleresumebuilder/locations/us-central1/functions/editResume {"name":"projects/tradehustleresumebuilder/locations/us-central1/operations/operation-1759460683220-640385d050780-931bc711-df8c57df","metadata":{"@type":"type.googleapis.com/google.cloud.functions.v2.OperationMetadata","createTime":"2025-10-03T03:04:44.134620141Z","target":"projects/tradehustleresumebuilder/locations/us-central1/functions/editResume","verb":"update","cancelRequested":false,"apiVersion":"v2"},"done":false}
[debug] [2025-10-03T03:04:43.400Z] Checked if tokens are valid: true, expires at: 1759463812949
[debug] [2025-10-03T03:04:43.403Z] Checked if tokens are valid: true, expires at: 1759463812949
[debug] [2025-10-03T03:04:43.429Z] >>> [apiv2][query] GET https://cloudfunctions.googleapis.com/v2/projects/tradehustleresumebuilder/locations/us-central1/operations/operation-1759460683220-640385d050780-931bc711-df8c57df [none]
[debug] [2025-10-03T03:04:43.439Z] <<< [apiv2][status] PATCH https://cloudfunctions.googleapis.com/v2/projects/tradehustleresumebuilder/locations/us-central1/functions/unlockResume 200
[debug] [2025-10-03T03:04:43.448Z] <<< [apiv2][body] PATCH https://cloudfunctions.googleapis.com/v2/projects/tradehustleresumebuilder/locations/us-central1/functions/unlockResume {"name":"projects/tradehustleresumebuilder/locations/us-central1/operations/operation-1759460683376-640385d0766e0-5d738f95-635cfae4","metadata":{"@type":"type.googleapis.com/google.cloud.functions.v2.OperationMetadata","createTime":"2025-10-03T03:04:44.206659015Z","target":"projects/tradehustleresumebuilder/locations/us-central1/functions/unlockResume","verb":"update","cancelRequested":false,"apiVersion":"v2"},"done":false}
[debug] [2025-10-03T03:04:43.466Z] Checked if tokens are valid: true, expires at: 1759463812949
[debug] [2025-10-03T03:04:43.466Z] Checked if tokens are valid: true, expires at: 1759463812949
[debug] [2025-10-03T03:04:43.467Z] >>> [apiv2][query] GET https://cloudfunctions.googleapis.com/v2/projects/tradehustleresumebuilder/locations/us-central1/operations/operation-1759460683376-640385d0766e0-5d738f95-635cfae4 [none]
[debug] [2025-10-03T03:04:43.476Z] <<< [apiv2][status] GET https://cloudfunctions.googleapis.com/v2/projects/tradehustleresumebuilder/locations/us-central1/operations/operation-1759460682252-640385cf64280-febd7690-fd6539d1 200
[debug] [2025-10-03T03:04:43.478Z] <<< [apiv2][body] GET https://cloudfunctions.googleapis.com/v2/projects/tradehustleresumebuilder/locations/us-central1/operations/operation-1759460682252-640385cf64280-febd7690-fd6539d1 {"name":"projects/tradehustleresumebuilder/locations/us-central1/operations/operation-1759460682252-640385cf64280-febd7690-fd6539d1","metadata":{"@type":"type.googleapis.com/google.cloud.functions.v2.OperationMetadata","createTime":"2025-10-03T03:04:43.321581500Z","target":"projects/tradehustleresumebuilder/locations/us-central1/functions/signup","verb":"update","cancelRequested":false,"apiVersion":"v2","requestResource":{"@type":"type.googleapis.com/google.cloud.functions.v2.Function","name":"projects/tradehustleresumebuilder/locations/us-central1/functions/signup","buildConfig":{"runtime":"nodejs20","entryPoint":"signup","source":{"storageSource":{"bucket":"gcf-v2-sources-190054658629-us-central1","object":"signup/function-source.zip","generation":"1759460683251312"}},"environmentVariables":{"GOOGLE_NODE_RUN_SCRIPTS":""},"dockerRepository":"projects/tradehustleresumebuilder/locations/us-central1/repositories/gcf-artifacts","sourceProvenance":{"resolvedStorageSource":{"bucket":"gcf-v2-sources-190054658629-us-central1","object":"signup/function-source.zip","generation":"1759018503859711"}},"dockerRegistry":"ARTIFACT_REGISTRY","serviceAccount":"projects/tradehustleresumebuilder/serviceAccounts/190054658629-compute@developer.gserviceaccount.com","automaticUpdatePolicy":{}},"serviceConfig":{"service":"projects/tradehustleresumebuilder/locations/us-central1/services/signup","timeoutSeconds":60,"environmentVariables":{"FIREBASE_CONFIG":"{\"projectId\":\"tradehustleresumebuilder\",\"storageBucket\":\"tradehustleresumebuilder.firebasestorage.app\"}","GCLOUD_PROJECT":"tradehustleresumebuilder","EVENTARC_CLOUD_EVENT_SOURCE":"projects/tradehustleresumebuilder/locations/us-central1/services/signup","FUNCTION_TARGET":"signup","LOG_EXECUTION_ID":"true"},"maxInstanceCount":10,"ingressSettings":"ALLOW_ALL","uri":"https://signup-fbs5jy4frq-uc.a.run.app","serviceAccountEmail":"190054658629-compute@developer.gserviceaccount.com","availableMemory":"256Mi","allTrafficOnLatestRevision":true,"revision":"signup-00004-xus","maxInstanceRequestConcurrency":80,"availableCpu":"1"},"state":"ACTIVE","labels":{"deployment-tool":"cli-firebase","firebase-functions-codebase":"api","firebase-functions-hash":"48895a4938f9c29e75e87d17a82b3023593a75f1"},"environment":"GEN_2","url":"https://us-central1-tradehustleresumebuilder.cloudfunctions.net/signup","satisfiesPzi":true},"stages":[{"name":"BUILD","state":"NOT_STARTED"},{"name":"SERVICE","state":"NOT_STARTED"}],"operationType":"UPDATE_FUNCTION"},"done":false}
[debug] [2025-10-03T03:04:43.947Z] <<< [apiv2][status] GET https://cloudfunctions.googleapis.com/v2/projects/tradehustleresumebuilder/locations/us-central1/operations/operation-1759460683220-640385d050780-931bc711-df8c57df 200
[debug] [2025-10-03T03:04:43.948Z] <<< [apiv2][body] GET https://cloudfunctions.googleapis.com/v2/projects/tradehustleresumebuilder/locations/us-central1/operations/operation-1759460683220-640385d050780-931bc711-df8c57df {"name":"projects/tradehustleresumebuilder/locations/us-central1/operations/operation-1759460683220-640385d050780-931bc711-df8c57df","metadata":{"@type":"type.googleapis.com/google.cloud.functions.v2.OperationMetadata","createTime":"2025-10-03T03:04:44.134620141Z","target":"projects/tradehustleresumebuilder/locations/us-central1/functions/editResume","verb":"update","cancelRequested":false,"apiVersion":"v2","requestResource":{"@type":"type.googleapis.com/google.cloud.functions.v2.Function","name":"projects/tradehustleresumebuilder/locations/us-central1/functions/editResume","buildConfig":{"runtime":"nodejs20","entryPoint":"editResume","source":{"storageSource":{"bucket":"gcf-v2-sources-190054658629-us-central1","object":"editResume/function-source.zip","generation":"1759460684059344"}},"environmentVariables":{"GOOGLE_NODE_RUN_SCRIPTS":""},"dockerRepository":"projects/tradehustleresumebuilder/locations/us-central1/repositories/gcf-artifacts","sourceProvenance":{"resolvedStorageSource":{"bucket":"gcf-v2-sources-190054658629-us-central1","object":"editResume/function-source.zip","generation":"1759018561219565"}},"dockerRegistry":"ARTIFACT_REGISTRY","serviceAccount":"projects/tradehustleresumebuilder/serviceAccounts/190054658629-compute@developer.gserviceaccount.com","automaticUpdatePolicy":{}},"serviceConfig":{"service":"projects/tradehustleresumebuilder/locations/us-central1/services/editresume","timeoutSeconds":60,"environmentVariables":{"FIREBASE_CONFIG":"{\"projectId\":\"tradehustleresumebuilder\",\"storageBucket\":\"tradehustleresumebuilder.firebasestorage.app\"}","GCLOUD_PROJECT":"tradehustleresumebuilder","EVENTARC_CLOUD_EVENT_SOURCE":"projects/tradehustleresumebuilder/locations/us-central1/services/editResume","FUNCTION_TARGET":"editResume","LOG_EXECUTION_ID":"true","FUNCTION_SIGNATURE_TYPE":"http"},"maxInstanceCount":10,"ingressSettings":"ALLOW_ALL","uri":"https://editresume-fbs5jy4frq-uc.a.run.app","serviceAccountEmail":"190054658629-compute@developer.gserviceaccount.com","availableMemory":"256Mi","allTrafficOnLatestRevision":true,"revision":"editresume-00004-tiy","maxInstanceRequestConcurrency":80,"availableCpu":"1"},"state":"ACTIVE","labels":{"deployment-tool":"cli-firebase","firebase-functions-codebase":"api","firebase-functions-hash":"48895a4938f9c29e75e87d17a82b3023593a75f1"},"environment":"GEN_2","url":"https://us-central1-tradehustleresumebuilder.cloudfunctions.net/editResume","satisfiesPzi":true},"stages":[{"name":"BUILD","state":"NOT_STARTED"},{"name":"SERVICE","state":"NOT_STARTED"}],"operationType":"UPDATE_FUNCTION"},"done":false}
[debug] [2025-10-03T03:04:43.955Z] <<< [apiv2][status] GET https://cloudfunctions.googleapis.com/v2/projects/tradehustleresumebuilder/locations/us-central1/operations/operation-1759460683376-640385d0766e0-5d738f95-635cfae4 200
[debug] [2025-10-03T03:04:43.959Z] <<< [apiv2][body] GET https://cloudfunctions.googleapis.com/v2/projects/tradehustleresumebuilder/locations/us-central1/operations/operation-1759460683376-640385d0766e0-5d738f95-635cfae4 {"name":"projects/tradehustleresumebuilder/locations/us-central1/operations/operation-1759460683376-640385d0766e0-5d738f95-635cfae4","metadata":{"@type":"type.googleapis.com/google.cloud.functions.v2.OperationMetadata","createTime":"2025-10-03T03:04:44.206659015Z","target":"projects/tradehustleresumebuilder/locations/us-central1/functions/unlockResume","verb":"update","cancelRequested":false,"apiVersion":"v2","requestResource":{"@type":"type.googleapis.com/google.cloud.functions.v2.Function","name":"projects/tradehustleresumebuilder/locations/us-central1/functions/unlockResume","buildConfig":{"runtime":"nodejs20","entryPoint":"unlockResume","source":{"storageSource":{"bucket":"gcf-v2-sources-190054658629-us-central1","object":"unlockResume/function-source.zip","generation":"1759460684145341"}},"environmentVariables":{"GOOGLE_NODE_RUN_SCRIPTS":""},"dockerRepository":"projects/tradehustleresumebuilder/locations/us-central1/repositories/gcf-artifacts","sourceProvenance":{"resolvedStorageSource":{"bucket":"gcf-v2-sources-190054658629-us-central1","object":"unlockResume/function-source.zip","generation":"1759018561278253"}},"dockerRegistry":"ARTIFACT_REGISTRY","serviceAccount":"projects/tradehustleresumebuilder/serviceAccounts/190054658629-compute@developer.gserviceaccount.com","automaticUpdatePolicy":{}},"serviceConfig":{"service":"projects/tradehustleresumebuilder/locations/us-central1/services/unlockresume","timeoutSeconds":60,"environmentVariables":{"FIREBASE_CONFIG":"{\"projectId\":\"tradehustleresumebuilder\",\"storageBucket\":\"tradehustleresumebuilder.firebasestorage.app\"}","GCLOUD_PROJECT":"tradehustleresumebuilder","EVENTARC_CLOUD_EVENT_SOURCE":"projects/tradehustleresumebuilder/locations/us-central1/services/unlockResume","FUNCTION_TARGET":"unlockResume","LOG_EXECUTION_ID":"true","FUNCTION_SIGNATURE_TYPE":"http"},"maxInstanceCount":10,"ingressSettings":"ALLOW_ALL","uri":"https://unlockresume-fbs5jy4frq-uc.a.run.app","serviceAccountEmail":"190054658629-compute@developer.gserviceaccount.com","availableMemory":"256Mi","allTrafficOnLatestRevision":true,"revision":"unlockresume-00004-fit","maxInstanceRequestConcurrency":80,"availableCpu":"1"},"state":"ACTIVE","labels":{"deployment-tool":"cli-firebase","firebase-functions-codebase":"api","firebase-functions-hash":"48895a4938f9c29e75e87d17a82b3023593a75f1"},"environment":"GEN_2","url":"https://us-central1-tradehustleresumebuilder.cloudfunctions.net/unlockResume","satisfiesPzi":true},"stages":[{"name":"BUILD","state":"NOT_STARTED"},{"name":"SERVICE","state":"NOT_STARTED"}],"operationType":"UPDATE_FUNCTION"},"done":false}
[debug] [2025-10-03T03:04:43.967Z] <<< [apiv2][status] GET https://cloudfunctions.googleapis.com/v2/projects/tradehustleresumebuilder/locations/us-central1/operations/operation-1759460683256-640385d059422-d4b7e2a3-a0dd2e46 200
[debug] [2025-10-03T03:04:43.970Z] <<< [apiv2][body] GET https://cloudfunctions.googleapis.com/v2/projects/tradehustleresumebuilder/locations/us-central1/operations/operation-1759460683256-640385d059422-d4b7e2a3-a0dd2e46 {"name":"projects/tradehustleresumebuilder/locations/us-central1/operations/operation-1759460683256-640385d059422-d4b7e2a3-a0dd2e46","metadata":{"@type":"type.googleapis.com/google.cloud.functions.v2.OperationMetadata","createTime":"2025-10-03T03:04:44.047481879Z","target":"projects/tradehustleresumebuilder/locations/us-central1/functions/verifyRecaptcha","verb":"update","cancelRequested":false,"apiVersion":"v2","requestResource":{"@type":"type.googleapis.com/google.cloud.functions.v2.Function","name":"projects/tradehustleresumebuilder/locations/us-central1/functions/verifyRecaptcha","buildConfig":{"runtime":"nodejs20","entryPoint":"verifyRecaptcha","source":{"storageSource":{"bucket":"gcf-v2-sources-190054658629-us-central1","object":"verifyRecaptcha/function-source.zip","generation":"1759460683994511"}},"environmentVariables":{"GOOGLE_NODE_RUN_SCRIPTS":""},"dockerRepository":"projects/tradehustleresumebuilder/locations/us-central1/repositories/gcf-artifacts","sourceProvenance":{"resolvedStorageSource":{"bucket":"gcf-v2-sources-190054658629-us-central1","object":"verifyRecaptcha/function-source.zip","generation":"1759384359137891"}},"dockerRegistry":"ARTIFACT_REGISTRY","serviceAccount":"projects/tradehustleresumebuilder/serviceAccounts/190054658629-compute@developer.gserviceaccount.com","automaticUpdatePolicy":{}},"serviceConfig":{"service":"projects/tradehustleresumebuilder/locations/us-central1/services/verifyrecaptcha","timeoutSeconds":60,"environmentVariables":{"FIREBASE_CONFIG":"{\"projectId\":\"tradehustleresumebuilder\",\"storageBucket\":\"tradehustleresumebuilder.firebasestorage.app\"}","GCLOUD_PROJECT":"tradehustleresumebuilder","EVENTARC_CLOUD_EVENT_SOURCE":"projects/tradehustleresumebuilder/locations/us-central1/services/verifyRecaptcha","FUNCTION_TARGET":"verifyRecaptcha","LOG_EXECUTION_ID":"true"},"maxInstanceCount":10,"ingressSettings":"ALLOW_ALL","serviceAccountEmail":"190054658629-compute@developer.gserviceaccount.com","availableMemory":"256Mi","maxInstanceRequestConcurrency":80,"availableCpu":"1"},"state":"UNKNOWN","labels":{"firebase-functions-codebase":"api","firebase-functions-hash":"48895a4938f9c29e75e87d17a82b3023593a75f1"},"stateMessages":[{"severity":"ERROR","type":"CloudRunServiceNotFound","message":"Cloud Run service projects/tradehustleresumebuilder/locations/us-central1/services/verifyrecaptcha for the function was not found. The function will not work correctly. Please redeploy."}],"environment":"GEN_2","url":"https://us-central1-tradehustleresumebuilder.cloudfunctions.net/verifyRecaptcha","satisfiesPzi":true},"stages":[{"name":"BUILD","state":"NOT_STARTED"},{"name":"SERVICE","state":"NOT_STARTED"}],"operationType":"UPDATE_FUNCTION"},"done":false}
[debug] [2025-10-03T03:04:43.980Z] [update-api-us-central1-signup] Retrying task index 0
[debug] [2025-10-03T03:04:43.982Z] Checked if tokens are valid: true, expires at: 1759463812949
[debug] [2025-10-03T03:04:43.982Z] Checked if tokens are valid: true, expires at: 1759463812949
[debug] [2025-10-03T03:04:43.982Z] >>> [apiv2][query] GET https://cloudfunctions.googleapis.com/v2/projects/tradehustleresumebuilder/locations/us-central1/operations/operation-1759460682252-640385cf64280-febd7690-fd6539d1 [none]
[debug] [2025-10-03T03:04:44.246Z] <<< [apiv2][status] GET https://cloudfunctions.googleapis.com/v2/projects/tradehustleresumebuilder/locations/us-central1/operations/operation-1759460682252-640385cf64280-febd7690-fd6539d1 200
[debug] [2025-10-03T03:04:44.247Z] <<< [apiv2][body] GET https://cloudfunctions.googleapis.com/v2/projects/tradehustleresumebuilder/locations/us-central1/operations/operation-1759460682252-640385cf64280-febd7690-fd6539d1 {"name":"projects/tradehustleresumebuilder/locations/us-central1/operations/operation-1759460682252-640385cf64280-febd7690-fd6539d1","metadata":{"@type":"type.googleapis.com/google.cloud.functions.v2.OperationMetadata","createTime":"2025-10-03T03:04:43.321581500Z","target":"projects/tradehustleresumebuilder/locations/us-central1/functions/signup","verb":"update","cancelRequested":false,"apiVersion":"v2","requestResource":{"@type":"type.googleapis.com/google.cloud.functions.v2.Function","name":"projects/tradehustleresumebuilder/locations/us-central1/functions/signup","buildConfig":{"runtime":"nodejs20","entryPoint":"signup","source":{"storageSource":{"bucket":"gcf-v2-sources-190054658629-us-central1","object":"signup/function-source.zip","generation":"1759460683251312"}},"environmentVariables":{"GOOGLE_NODE_RUN_SCRIPTS":""},"dockerRepository":"projects/tradehustleresumebuilder/locations/us-central1/repositories/gcf-artifacts","sourceProvenance":{"resolvedStorageSource":{"bucket":"gcf-v2-sources-190054658629-us-central1","object":"signup/function-source.zip","generation":"1759018503859711"}},"dockerRegistry":"ARTIFACT_REGISTRY","serviceAccount":"projects/tradehustleresumebuilder/serviceAccounts/190054658629-compute@developer.gserviceaccount.com","automaticUpdatePolicy":{}},"serviceConfig":{"service":"projects/tradehustleresumebuilder/locations/us-central1/services/signup","timeoutSeconds":60,"environmentVariables":{"FIREBASE_CONFIG":"{\"projectId\":\"tradehustleresumebuilder\",\"storageBucket\":\"tradehustleresumebuilder.firebasestorage.app\"}","GCLOUD_PROJECT":"tradehustleresumebuilder","EVENTARC_CLOUD_EVENT_SOURCE":"projects/tradehustleresumebuilder/locations/us-central1/services/signup","FUNCTION_TARGET":"signup","LOG_EXECUTION_ID":"true"},"maxInstanceCount":10,"ingressSettings":"ALLOW_ALL","uri":"https://signup-fbs5jy4frq-uc.a.run.app","serviceAccountEmail":"190054658629-compute@developer.gserviceaccount.com","availableMemory":"256Mi","allTrafficOnLatestRevision":true,"revision":"signup-00004-xus","maxInstanceRequestConcurrency":80,"availableCpu":"1"},"state":"ACTIVE","labels":{"deployment-tool":"cli-firebase","firebase-functions-codebase":"api","firebase-functions-hash":"48895a4938f9c29e75e87d17a82b3023593a75f1"},"environment":"GEN_2","url":"https://us-central1-tradehustleresumebuilder.cloudfunctions.net/signup","satisfiesPzi":true},"stages":[{"name":"BUILD","message":"Build in progress","state":"IN_PROGRESS","resource":"projects/190054658629/locations/us-central1/builds/2cfd6820-565a-4b9c-9c26-921d656b9c3b","resourceUri":"https://console.cloud.google.com/cloud-build/builds;region=us-central1/2cfd6820-565a-4b9c-9c26-921d656b9c3b?project=190054658629"},{"name":"SERVICE","state":"NOT_STARTED"}],"operationType":"UPDATE_FUNCTION","buildName":"projects/190054658629/locations/us-central1/builds/2cfd6820-565a-4b9c-9c26-921d656b9c3b"},"done":false}
[debug] [2025-10-03T03:04:44.451Z] [update-api-us-central1-editResume] Retrying task index 0
[debug] [2025-10-03T03:04:44.452Z] Checked if tokens are valid: true, expires at: 1759463812949
[debug] [2025-10-03T03:04:44.452Z] Checked if tokens are valid: true, expires at: 1759463812949
[debug] [2025-10-03T03:04:44.453Z] >>> [apiv2][query] GET https://cloudfunctions.googleapis.com/v2/projects/tradehustleresumebuilder/locations/us-central1/operations/operation-1759460683220-640385d050780-931bc711-df8c57df [none]
[debug] [2025-10-03T03:04:44.473Z] [update-api-us-central1-unlockResume] Retrying task index 0
[debug] [2025-10-03T03:04:44.474Z] Checked if tokens are valid: true, expires at: 1759463812949
[debug] [2025-10-03T03:04:44.474Z] Checked if tokens are valid: true, expires at: 1759463812949
[debug] [2025-10-03T03:04:44.486Z] >>> [apiv2][query] GET https://cloudfunctions.googleapis.com/v2/projects/tradehustleresumebuilder/locations/us-central1/operations/operation-1759460683376-640385d0766e0-5d738f95-635cfae4 [none]
[debug] [2025-10-03T03:04:44.489Z] [update-api-us-central1-verifyRecaptcha] Retrying task index 0
[debug] [2025-10-03T03:04:44.490Z] Checked if tokens are valid: true, expires at: 1759463812949
[debug] [2025-10-03T03:04:44.490Z] Checked if tokens are valid: true, expires at: 1759463812949
[debug] [2025-10-03T03:04:44.492Z] >>> [apiv2][query] GET https://cloudfunctions.googleapis.com/v2/projects/tradehustleresumebuilder/locations/us-central1/operations/operation-1759460683256-640385d059422-d4b7e2a3-a0dd2e46 [none]
[debug] [2025-10-03T03:04:44.910Z] <<< [apiv2][status] GET https://cloudfunctions.googleapis.com/v2/projects/tradehustleresumebuilder/locations/us-central1/operations/operation-1759460683220-640385d050780-931bc711-df8c57df 200
[debug] [2025-10-03T03:04:44.911Z] <<< [apiv2][body] GET https://cloudfunctions.googleapis.com/v2/projects/tradehustleresumebuilder/locations/us-central1/operations/operation-1759460683220-640385d050780-931bc711-df8c57df {"name":"projects/tradehustleresumebuilder/locations/us-central1/operations/operation-1759460683220-640385d050780-931bc711-df8c57df","metadata":{"@type":"type.googleapis.com/google.cloud.functions.v2.OperationMetadata","createTime":"2025-10-03T03:04:44.134620141Z","target":"projects/tradehustleresumebuilder/locations/us-central1/functions/editResume","verb":"update","cancelRequested":false,"apiVersion":"v2","requestResource":{"@type":"type.googleapis.com/google.cloud.functions.v2.Function","name":"projects/tradehustleresumebuilder/locations/us-central1/functions/editResume","buildConfig":{"runtime":"nodejs20","entryPoint":"editResume","source":{"storageSource":{"bucket":"gcf-v2-sources-190054658629-us-central1","object":"editResume/function-source.zip","generation":"1759460684059344"}},"environmentVariables":{"GOOGLE_NODE_RUN_SCRIPTS":""},"dockerRepository":"projects/tradehustleresumebuilder/locations/us-central1/repositories/gcf-artifacts","sourceProvenance":{"resolvedStorageSource":{"bucket":"gcf-v2-sources-190054658629-us-central1","object":"editResume/function-source.zip","generation":"1759018561219565"}},"dockerRegistry":"ARTIFACT_REGISTRY","serviceAccount":"projects/tradehustleresumebuilder/serviceAccounts/190054658629-compute@developer.gserviceaccount.com","automaticUpdatePolicy":{}},"serviceConfig":{"service":"projects/tradehustleresumebuilder/locations/us-central1/services/editresume","timeoutSeconds":60,"environmentVariables":{"FIREBASE_CONFIG":"{\"projectId\":\"tradehustleresumebuilder\",\"storageBucket\":\"tradehustleresumebuilder.firebasestorage.app\"}","GCLOUD_PROJECT":"tradehustleresumebuilder","EVENTARC_CLOUD_EVENT_SOURCE":"projects/tradehustleresumebuilder/locations/us-central1/services/editResume","FUNCTION_TARGET":"editResume","LOG_EXECUTION_ID":"true","FUNCTION_SIGNATURE_TYPE":"http"},"maxInstanceCount":10,"ingressSettings":"ALLOW_ALL","uri":"https://editresume-fbs5jy4frq-uc.a.run.app","serviceAccountEmail":"190054658629-compute@developer.gserviceaccount.com","availableMemory":"256Mi","allTrafficOnLatestRevision":true,"revision":"editresume-00004-tiy","maxInstanceRequestConcurrency":80,"availableCpu":"1"},"state":"ACTIVE","labels":{"deployment-tool":"cli-firebase","firebase-functions-codebase":"api","firebase-functions-hash":"48895a4938f9c29e75e87d17a82b3023593a75f1"},"environment":"GEN_2","url":"https://us-central1-tradehustleresumebuilder.cloudfunctions.net/editResume","satisfiesPzi":true},"stages":[{"name":"BUILD","message":"Build in progress","state":"IN_PROGRESS","resource":"projects/190054658629/locations/us-central1/builds/e1235c0f-f017-4a01-8d3d-9f5b9001901e","resourceUri":"https://console.cloud.google.com/cloud-build/builds;region=us-central1/e1235c0f-f017-4a01-8d3d-9f5b9001901e?project=190054658629"},{"name":"SERVICE","state":"NOT_STARTED"}],"operationType":"UPDATE_FUNCTION","buildName":"projects/190054658629/locations/us-central1/builds/e1235c0f-f017-4a01-8d3d-9f5b9001901e"},"done":false}
[debug] [2025-10-03T03:04:44.928Z] <<< [apiv2][status] GET https://cloudfunctions.googleapis.com/v2/projects/tradehustleresumebuilder/locations/us-central1/operations/operation-1759460683256-640385d059422-d4b7e2a3-a0dd2e46 200
[debug] [2025-10-03T03:04:44.928Z] <<< [apiv2][body] GET https://cloudfunctions.googleapis.com/v2/projects/tradehustleresumebuilder/locations/us-central1/operations/operation-1759460683256-640385d059422-d4b7e2a3-a0dd2e46 {"name":"projects/tradehustleresumebuilder/locations/us-central1/operations/operation-1759460683256-640385d059422-d4b7e2a3-a0dd2e46","metadata":{"@type":"type.googleapis.com/google.cloud.functions.v2.OperationMetadata","createTime":"2025-10-03T03:04:44.047481879Z","target":"projects/tradehustleresumebuilder/locations/us-central1/functions/verifyRecaptcha","verb":"update","cancelRequested":false,"apiVersion":"v2","requestResource":{"@type":"type.googleapis.com/google.cloud.functions.v2.Function","name":"projects/tradehustleresumebuilder/locations/us-central1/functions/verifyRecaptcha","buildConfig":{"runtime":"nodejs20","entryPoint":"verifyRecaptcha","source":{"storageSource":{"bucket":"gcf-v2-sources-190054658629-us-central1","object":"verifyRecaptcha/function-source.zip","generation":"1759460683994511"}},"environmentVariables":{"GOOGLE_NODE_RUN_SCRIPTS":""},"dockerRepository":"projects/tradehustleresumebuilder/locations/us-central1/repositories/gcf-artifacts","sourceProvenance":{"resolvedStorageSource":{"bucket":"gcf-v2-sources-190054658629-us-central1","object":"verifyRecaptcha/function-source.zip","generation":"1759384359137891"}},"dockerRegistry":"ARTIFACT_REGISTRY","serviceAccount":"projects/tradehustleresumebuilder/serviceAccounts/190054658629-compute@developer.gserviceaccount.com","automaticUpdatePolicy":{}},"serviceConfig":{"service":"projects/tradehustleresumebuilder/locations/us-central1/services/verifyrecaptcha","timeoutSeconds":60,"environmentVariables":{"FIREBASE_CONFIG":"{\"projectId\":\"tradehustleresumebuilder\",\"storageBucket\":\"tradehustleresumebuilder.firebasestorage.app\"}","GCLOUD_PROJECT":"tradehustleresumebuilder","EVENTARC_CLOUD_EVENT_SOURCE":"projects/tradehustleresumebuilder/locations/us-central1/services/verifyRecaptcha","FUNCTION_TARGET":"verifyRecaptcha","LOG_EXECUTION_ID":"true"},"maxInstanceCount":10,"ingressSettings":"ALLOW_ALL","serviceAccountEmail":"190054658629-compute@developer.gserviceaccount.com","availableMemory":"256Mi","maxInstanceRequestConcurrency":80,"availableCpu":"1"},"state":"UNKNOWN","labels":{"firebase-functions-codebase":"api","firebase-functions-hash":"48895a4938f9c29e75e87d17a82b3023593a75f1"},"stateMessages":[{"severity":"ERROR","type":"CloudRunServiceNotFound","message":"Cloud Run service projects/tradehustleresumebuilder/locations/us-central1/services/verifyrecaptcha for the function was not found. The function will not work correctly. Please redeploy."}],"environment":"GEN_2","url":"https://us-central1-tradehustleresumebuilder.cloudfunctions.net/verifyRecaptcha","satisfiesPzi":true},"stages":[{"name":"BUILD","message":"Build in progress","state":"IN_PROGRESS","resource":"projects/190054658629/locations/us-central1/builds/91c3dfcc-6e0b-4a16-be4d-010e7bd99af6","resourceUri":"https://console.cloud.google.com/cloud-build/builds;region=us-central1/91c3dfcc-6e0b-4a16-be4d-010e7bd99af6?project=190054658629"},{"name":"SERVICE","state":"NOT_STARTED"}],"operationType":"UPDATE_FUNCTION","buildName":"projects/190054658629/locations/us-central1/builds/91c3dfcc-6e0b-4a16-be4d-010e7bd99af6"},"done":false}
[debug] [2025-10-03T03:04:44.930Z] <<< [apiv2][status] GET https://cloudfunctions.googleapis.com/v2/projects/tradehustleresumebuilder/locations/us-central1/operations/operation-1759460683376-640385d0766e0-5d738f95-635cfae4 200
[debug] [2025-10-03T03:04:44.931Z] <<< [apiv2][body] GET https://cloudfunctions.googleapis.com/v2/projects/tradehustleresumebuilder/locations/us-central1/operations/operation-1759460683376-640385d0766e0-5d738f95-635cfae4 {"name":"projects/tradehustleresumebuilder/locations/us-central1/operations/operation-1759460683376-640385d0766e0-5d738f95-635cfae4","metadata":{"@type":"type.googleapis.com/google.cloud.functions.v2.OperationMetadata","createTime":"2025-10-03T03:04:44.206659015Z","target":"projects/tradehustleresumebuilder/locations/us-central1/functions/unlockResume","verb":"update","cancelRequested":false,"apiVersion":"v2","requestResource":{"@type":"type.googleapis.com/google.cloud.functions.v2.Function","name":"projects/tradehustleresumebuilder/locations/us-central1/functions/unlockResume","buildConfig":{"runtime":"nodejs20","entryPoint":"unlockResume","source":{"storageSource":{"bucket":"gcf-v2-sources-190054658629-us-central1","object":"unlockResume/function-source.zip","generation":"1759460684145341"}},"environmentVariables":{"GOOGLE_NODE_RUN_SCRIPTS":""},"dockerRepository":"projects/tradehustleresumebuilder/locations/us-central1/repositories/gcf-artifacts","sourceProvenance":{"resolvedStorageSource":{"bucket":"gcf-v2-sources-190054658629-us-central1","object":"unlockResume/function-source.zip","generation":"1759018561278253"}},"dockerRegistry":"ARTIFACT_REGISTRY","serviceAccount":"projects/tradehustleresumebuilder/serviceAccounts/190054658629-compute@developer.gserviceaccount.com","automaticUpdatePolicy":{}},"serviceConfig":{"service":"projects/tradehustleresumebuilder/locations/us-central1/services/unlockresume","timeoutSeconds":60,"environmentVariables":{"FIREBASE_CONFIG":"{\"projectId\":\"tradehustleresumebuilder\",\"storageBucket\":\"tradehustleresumebuilder.firebasestorage.app\"}","GCLOUD_PROJECT":"tradehustleresumebuilder","EVENTARC_CLOUD_EVENT_SOURCE":"projects/tradehustleresumebuilder/locations/us-central1/services/unlockResume","FUNCTION_TARGET":"unlockResume","LOG_EXECUTION_ID":"true","FUNCTION_SIGNATURE_TYPE":"http"},"maxInstanceCount":10,"ingressSettings":"ALLOW_ALL","uri":"https://unlockresume-fbs5jy4frq-uc.a.run.app","serviceAccountEmail":"190054658629-compute@developer.gserviceaccount.com","availableMemory":"256Mi","allTrafficOnLatestRevision":true,"revision":"unlockresume-00004-fit","maxInstanceRequestConcurrency":80,"availableCpu":"1"},"state":"ACTIVE","labels":{"deployment-tool":"cli-firebase","firebase-functions-codebase":"api","firebase-functions-hash":"48895a4938f9c29e75e87d17a82b3023593a75f1"},"environment":"GEN_2","url":"https://us-central1-tradehustleresumebuilder.cloudfunctions.net/unlockResume","satisfiesPzi":true},"stages":[{"name":"BUILD","message":"Build in progress","state":"IN_PROGRESS","resource":"projects/190054658629/locations/us-central1/builds/7196e188-8eee-4023-a908-ccd3432d03c7","resourceUri":"https://console.cloud.google.com/cloud-build/builds;region=us-central1/7196e188-8eee-4023-a908-ccd3432d03c7?project=190054658629"},{"name":"SERVICE","state":"NOT_STARTED"}],"operationType":"UPDATE_FUNCTION","buildName":"projects/190054658629/locations/us-central1/builds/7196e188-8eee-4023-a908-ccd3432d03c7"},"done":false}
[debug] [2025-10-03T03:04:45.248Z] [update-api-us-central1-signup] Retrying task index 0
[debug] [2025-10-03T03:04:45.249Z] Checked if tokens are valid: true, expires at: 1759463812949
[debug] [2025-10-03T03:04:45.249Z] Checked if tokens are valid: true, expires at: 1759463812949
[debug] [2025-10-03T03:04:45.250Z] >>> [apiv2][query] GET https://cloudfunctions.googleapis.com/v2/projects/tradehustleresumebuilder/locations/us-central1/operations/operation-1759460682252-640385cf64280-febd7690-fd6539d1 [none]
[debug] [2025-10-03T03:04:45.808Z] <<< [apiv2][status] GET https://cloudfunctions.googleapis.com/v2/projects/tradehustleresumebuilder/locations/us-central1/operations/operation-1759460682252-640385cf64280-febd7690-fd6539d1 200
[debug] [2025-10-03T03:04:45.809Z] <<< [apiv2][body] GET https://cloudfunctions.googleapis.com/v2/projects/tradehustleresumebuilder/locations/us-central1/operations/operation-1759460682252-640385cf64280-febd7690-fd6539d1 {"name":"projects/tradehustleresumebuilder/locations/us-central1/operations/operation-1759460682252-640385cf64280-febd7690-fd6539d1","metadata":{"@type":"type.googleapis.com/google.cloud.functions.v2.OperationMetadata","createTime":"2025-10-03T03:04:43.321581500Z","target":"projects/tradehustleresumebuilder/locations/us-central1/functions/signup","verb":"update","cancelRequested":false,"apiVersion":"v2","requestResource":{"@type":"type.googleapis.com/google.cloud.functions.v2.Function","name":"projects/tradehustleresumebuilder/locations/us-central1/functions/signup","buildConfig":{"runtime":"nodejs20","entryPoint":"signup","source":{"storageSource":{"bucket":"gcf-v2-sources-190054658629-us-central1","object":"signup/function-source.zip","generation":"1759460683251312"}},"environmentVariables":{"GOOGLE_NODE_RUN_SCRIPTS":""},"dockerRepository":"projects/tradehustleresumebuilder/locations/us-central1/repositories/gcf-artifacts","sourceProvenance":{"resolvedStorageSource":{"bucket":"gcf-v2-sources-190054658629-us-central1","object":"signup/function-source.zip","generation":"1759018503859711"}},"dockerRegistry":"ARTIFACT_REGISTRY","serviceAccount":"projects/tradehustleresumebuilder/serviceAccounts/190054658629-compute@developer.gserviceaccount.com","automaticUpdatePolicy":{}},"serviceConfig":{"service":"projects/tradehustleresumebuilder/locations/us-central1/services/signup","timeoutSeconds":60,"environmentVariables":{"FIREBASE_CONFIG":"{\"projectId\":\"tradehustleresumebuilder\",\"storageBucket\":\"tradehustleresumebuilder.firebasestorage.app\"}","GCLOUD_PROJECT":"tradehustleresumebuilder","EVENTARC_CLOUD_EVENT_SOURCE":"projects/tradehustleresumebuilder/locations/us-central1/services/signup","FUNCTION_TARGET":"signup","LOG_EXECUTION_ID":"true"},"maxInstanceCount":10,"ingressSettings":"ALLOW_ALL","uri":"https://signup-fbs5jy4frq-uc.a.run.app","serviceAccountEmail":"190054658629-compute@developer.gserviceaccount.com","availableMemory":"256Mi","allTrafficOnLatestRevision":true,"revision":"signup-00004-xus","maxInstanceRequestConcurrency":80,"availableCpu":"1"},"state":"ACTIVE","labels":{"deployment-tool":"cli-firebase","firebase-functions-codebase":"api","firebase-functions-hash":"48895a4938f9c29e75e87d17a82b3023593a75f1"},"environment":"GEN_2","url":"https://us-central1-tradehustleresumebuilder.cloudfunctions.net/signup","satisfiesPzi":true},"stages":[{"name":"BUILD","message":"Build in progress","state":"IN_PROGRESS","resource":"projects/190054658629/locations/us-central1/builds/2cfd6820-565a-4b9c-9c26-921d656b9c3b","resourceUri":"https://console.cloud.google.com/cloud-build/builds;region=us-central1/2cfd6820-565a-4b9c-9c26-921d656b9c3b?project=190054658629"},{"name":"SERVICE","state":"NOT_STARTED"}],"operationType":"UPDATE_FUNCTION","buildName":"projects/190054658629/locations/us-central1/builds/2cfd6820-565a-4b9c-9c26-921d656b9c3b"},"done":false}
[debug] [2025-10-03T03:04:45.916Z] [update-api-us-central1-editResume] Retrying task index 0
[debug] [2025-10-03T03:04:45.925Z] Checked if tokens are valid: true, expires at: 1759463812949
[debug] [2025-10-03T03:04:45.929Z] Checked if tokens are valid: true, expires at: 1759463812949
[debug] [2025-10-03T03:04:45.929Z] >>> [apiv2][query] GET https://cloudfunctions.googleapis.com/v2/projects/tradehustleresumebuilder/locations/us-central1/operations/operation-1759460683220-640385d050780-931bc711-df8c57df [none]
[debug] [2025-10-03T03:04:45.940Z] [update-api-us-central1-verifyRecaptcha] Retrying task index 0
[debug] [2025-10-03T03:04:45.941Z] Checked if tokens are valid: true, expires at: 1759463812949
[debug] [2025-10-03T03:04:45.942Z] Checked if tokens are valid: true, expires at: 1759463812949
[debug] [2025-10-03T03:04:45.942Z] >>> [apiv2][query] GET https://cloudfunctions.googleapis.com/v2/projects/tradehustleresumebuilder/locations/us-central1/operations/operation-1759460683256-640385d059422-d4b7e2a3-a0dd2e46 [none]
[debug] [2025-10-03T03:04:45.947Z] [update-api-us-central1-unlockResume] Retrying task index 0
[debug] [2025-10-03T03:04:45.948Z] Checked if tokens are valid: true, expires at: 1759463812949
[debug] [2025-10-03T03:04:45.949Z] Checked if tokens are valid: true, expires at: 1759463812949
[debug] [2025-10-03T03:04:45.949Z] >>> [apiv2][query] GET https://cloudfunctions.googleapis.com/v2/projects/tradehustleresumebuilder/locations/us-central1/operations/operation-1759460683376-640385d0766e0-5d738f95-635cfae4 [none]
[debug] [2025-10-03T03:04:46.222Z] <<< [apiv2][status] GET https://cloudfunctions.googleapis.com/v2/projects/tradehustleresumebuilder/locations/us-central1/operations/operation-1759460683376-640385d0766e0-5d738f95-635cfae4 200
[debug] [2025-10-03T03:04:46.231Z] <<< [apiv2][body] GET https://cloudfunctions.googleapis.com/v2/projects/tradehustleresumebuilder/locations/us-central1/operations/operation-1759460683376-640385d0766e0-5d738f95-635cfae4 {"name":"projects/tradehustleresumebuilder/locations/us-central1/operations/operation-1759460683376-640385d0766e0-5d738f95-635cfae4","metadata":{"@type":"type.googleapis.com/google.cloud.functions.v2.OperationMetadata","createTime":"2025-10-03T03:04:44.206659015Z","target":"projects/tradehustleresumebuilder/locations/us-central1/functions/unlockResume","verb":"update","cancelRequested":false,"apiVersion":"v2","requestResource":{"@type":"type.googleapis.com/google.cloud.functions.v2.Function","name":"projects/tradehustleresumebuilder/locations/us-central1/functions/unlockResume","buildConfig":{"runtime":"nodejs20","entryPoint":"unlockResume","source":{"storageSource":{"bucket":"gcf-v2-sources-190054658629-us-central1","object":"unlockResume/function-source.zip","generation":"1759460684145341"}},"environmentVariables":{"GOOGLE_NODE_RUN_SCRIPTS":""},"dockerRepository":"projects/tradehustleresumebuilder/locations/us-central1/repositories/gcf-artifacts","sourceProvenance":{"resolvedStorageSource":{"bucket":"gcf-v2-sources-190054658629-us-central1","object":"unlockResume/function-source.zip","generation":"1759018561278253"}},"dockerRegistry":"ARTIFACT_REGISTRY","serviceAccount":"projects/tradehustleresumebuilder/serviceAccounts/190054658629-compute@developer.gserviceaccount.com","automaticUpdatePolicy":{}},"serviceConfig":{"service":"projects/tradehustleresumebuilder/locations/us-central1/services/unlockresume","timeoutSeconds":60,"environmentVariables":{"FIREBASE_CONFIG":"{\"projectId\":\"tradehustleresumebuilder\",\"storageBucket\":\"tradehustleresumebuilder.firebasestorage.app\"}","GCLOUD_PROJECT":"tradehustleresumebuilder","EVENTARC_CLOUD_EVENT_SOURCE":"projects/tradehustleresumebuilder/locations/us-central1/services/unlockResume","FUNCTION_TARGET":"unlockResume","LOG_EXECUTION_ID":"true","FUNCTION_SIGNATURE_TYPE":"http"},"maxInstanceCount":10,"ingressSettings":"ALLOW_ALL","uri":"https://unlockresume-fbs5jy4frq-uc.a.run.app","serviceAccountEmail":"190054658629-compute@developer.gserviceaccount.com","availableMemory":"256Mi","allTrafficOnLatestRevision":true,"revision":"unlockresume-00004-fit","maxInstanceRequestConcurrency":80,"availableCpu":"1"},"state":"ACTIVE","labels":{"deployment-tool":"cli-firebase","firebase-functions-codebase":"api","firebase-functions-hash":"48895a4938f9c29e75e87d17a82b3023593a75f1"},"environment":"GEN_2","url":"https://us-central1-tradehustleresumebuilder.cloudfunctions.net/unlockResume","satisfiesPzi":true},"stages":[{"name":"BUILD","message":"Build in progress","state":"IN_PROGRESS","resource":"projects/190054658629/locations/us-central1/builds/7196e188-8eee-4023-a908-ccd3432d03c7","resourceUri":"https://console.cloud.google.com/cloud-build/builds;region=us-central1/7196e188-8eee-4023-a908-ccd3432d03c7?project=190054658629"},{"name":"SERVICE","state":"NOT_STARTED"}],"operationType":"UPDATE_FUNCTION","buildName":"projects/190054658629/locations/us-central1/builds/7196e188-8eee-4023-a908-ccd3432d03c7"},"done":false}
[debug] [2025-10-03T03:04:46.496Z] <<< [apiv2][status] GET https://cloudfunctions.googleapis.com/v2/projects/tradehustleresumebuilder/locations/us-central1/operations/operation-1759460683256-640385d059422-d4b7e2a3-a0dd2e46 200
[debug] [2025-10-03T03:04:46.508Z] <<< [apiv2][body] GET https://cloudfunctions.googleapis.com/v2/projects/tradehustleresumebuilder/locations/us-central1/operations/operation-1759460683256-640385d059422-d4b7e2a3-a0dd2e46 {"name":"projects/tradehustleresumebuilder/locations/us-central1/operations/operation-1759460683256-640385d059422-d4b7e2a3-a0dd2e46","metadata":{"@type":"type.googleapis.com/google.cloud.functions.v2.OperationMetadata","createTime":"2025-10-03T03:04:44.047481879Z","target":"projects/tradehustleresumebuilder/locations/us-central1/functions/verifyRecaptcha","verb":"update","cancelRequested":false,"apiVersion":"v2","requestResource":{"@type":"type.googleapis.com/google.cloud.functions.v2.Function","name":"projects/tradehustleresumebuilder/locations/us-central1/functions/verifyRecaptcha","buildConfig":{"runtime":"nodejs20","entryPoint":"verifyRecaptcha","source":{"storageSource":{"bucket":"gcf-v2-sources-190054658629-us-central1","object":"verifyRecaptcha/function-source.zip","generation":"1759460683994511"}},"environmentVariables":{"GOOGLE_NODE_RUN_SCRIPTS":""},"dockerRepository":"projects/tradehustleresumebuilder/locations/us-central1/repositories/gcf-artifacts","sourceProvenance":{"resolvedStorageSource":{"bucket":"gcf-v2-sources-190054658629-us-central1","object":"verifyRecaptcha/function-source.zip","generation":"1759384359137891"}},"dockerRegistry":"ARTIFACT_REGISTRY","serviceAccount":"projects/tradehustleresumebuilder/serviceAccounts/190054658629-compute@developer.gserviceaccount.com","automaticUpdatePolicy":{}},"serviceConfig":{"service":"projects/tradehustleresumebuilder/locations/us-central1/services/verifyrecaptcha","timeoutSeconds":60,"environmentVariables":{"FIREBASE_CONFIG":"{\"projectId\":\"tradehustleresumebuilder\",\"storageBucket\":\"tradehustleresumebuilder.firebasestorage.app\"}","GCLOUD_PROJECT":"tradehustleresumebuilder","EVENTARC_CLOUD_EVENT_SOURCE":"projects/tradehustleresumebuilder/locations/us-central1/services/verifyRecaptcha","FUNCTION_TARGET":"verifyRecaptcha","LOG_EXECUTION_ID":"true"},"maxInstanceCount":10,"ingressSettings":"ALLOW_ALL","serviceAccountEmail":"190054658629-compute@developer.gserviceaccount.com","availableMemory":"256Mi","maxInstanceRequestConcurrency":80,"availableCpu":"1"},"state":"UNKNOWN","labels":{"firebase-functions-codebase":"api","firebase-functions-hash":"48895a4938f9c29e75e87d17a82b3023593a75f1"},"stateMessages":[{"severity":"ERROR","type":"CloudRunServiceNotFound","message":"Cloud Run service projects/tradehustleresumebuilder/locations/us-central1/services/verifyrecaptcha for the function was not found. The function will not work correctly. Please redeploy."}],"environment":"GEN_2","url":"https://us-central1-tradehustleresumebuilder.cloudfunctions.net/verifyRecaptcha","satisfiesPzi":true},"stages":[{"name":"BUILD","message":"Build in progress","state":"IN_PROGRESS","resource":"projects/190054658629/locations/us-central1/builds/91c3dfcc-6e0b-4a16-be4d-010e7bd99af6","resourceUri":"https://console.cloud.google.com/cloud-build/builds;region=us-central1/91c3dfcc-6e0b-4a16-be4d-010e7bd99af6?project=190054658629"},{"name":"SERVICE","state":"NOT_STARTED"}],"operationType":"UPDATE_FUNCTION","buildName":"projects/190054658629/locations/us-central1/builds/91c3dfcc-6e0b-4a16-be4d-010e7bd99af6"},"done":false}
[debug] [2025-10-03T03:04:46.516Z] <<< [apiv2][status] GET https://cloudfunctions.googleapis.com/v2/projects/tradehustleresumebuilder/locations/us-central1/operations/operation-1759460683220-640385d050780-931bc711-df8c57df 200
[debug] [2025-10-03T03:04:46.517Z] <<< [apiv2][body] GET https://cloudfunctions.googleapis.com/v2/projects/tradehustleresumebuilder/locations/us-central1/operations/operation-1759460683220-640385d050780-931bc711-df8c57df {"name":"projects/tradehustleresumebuilder/locations/us-central1/operations/operation-1759460683220-640385d050780-931bc711-df8c57df","metadata":{"@type":"type.googleapis.com/google.cloud.functions.v2.OperationMetadata","createTime":"2025-10-03T03:04:44.134620141Z","target":"projects/tradehustleresumebuilder/locations/us-central1/functions/editResume","verb":"update","cancelRequested":false,"apiVersion":"v2","requestResource":{"@type":"type.googleapis.com/google.cloud.functions.v2.Function","name":"projects/tradehustleresumebuilder/locations/us-central1/functions/editResume","buildConfig":{"runtime":"nodejs20","entryPoint":"editResume","source":{"storageSource":{"bucket":"gcf-v2-sources-190054658629-us-central1","object":"editResume/function-source.zip","generation":"1759460684059344"}},"environmentVariables":{"GOOGLE_NODE_RUN_SCRIPTS":""},"dockerRepository":"projects/tradehustleresumebuilder/locations/us-central1/repositories/gcf-artifacts","sourceProvenance":{"resolvedStorageSource":{"bucket":"gcf-v2-sources-190054658629-us-central1","object":"editResume/function-source.zip","generation":"1759018561219565"}},"dockerRegistry":"ARTIFACT_REGISTRY","serviceAccount":"projects/tradehustleresumebuilder/serviceAccounts/190054658629-compute@developer.gserviceaccount.com","automaticUpdatePolicy":{}},"serviceConfig":{"service":"projects/tradehustleresumebuilder/locations/us-central1/services/editresume","timeoutSeconds":60,"environmentVariables":{"FIREBASE_CONFIG":"{\"projectId\":\"tradehustleresumebuilder\",\"storageBucket\":\"tradehustleresumebuilder.firebasestorage.app\"}","GCLOUD_PROJECT":"tradehustleresumebuilder","EVENTARC_CLOUD_EVENT_SOURCE":"projects/tradehustleresumebuilder/locations/us-central1/services/editResume","FUNCTION_TARGET":"editResume","LOG_EXECUTION_ID":"true","FUNCTION_SIGNATURE_TYPE":"http"},"maxInstanceCount":10,"ingressSettings":"ALLOW_ALL","uri":"https://editresume-fbs5jy4frq-uc.a.run.app","serviceAccountEmail":"190054658629-compute@developer.gserviceaccount.com","availableMemory":"256Mi","allTrafficOnLatestRevision":true,"revision":"editresume-00004-tiy","maxInstanceRequestConcurrency":80,"availableCpu":"1"},"state":"ACTIVE","labels":{"deployment-tool":"cli-firebase","firebase-functions-codebase":"api","firebase-functions-hash":"48895a4938f9c29e75e87d17a82b3023593a75f1"},"environment":"GEN_2","url":"https://us-central1-tradehustleresumebuilder.cloudfunctions.net/editResume","satisfiesPzi":true},"stages":[{"name":"BUILD","message":"Build in progress","state":"IN_PROGRESS","resource":"projects/190054658629/locations/us-central1/builds/e1235c0f-f017-4a01-8d3d-9f5b9001901e","resourceUri":"https://console.cloud.google.com/cloud-build/builds;region=us-central1/e1235c0f-f017-4a01-8d3d-9f5b9001901e?project=190054658629"},{"name":"SERVICE","state":"NOT_STARTED"}],"operationType":"UPDATE_FUNCTION","buildName":"projects/190054658629/locations/us-central1/builds/e1235c0f-f017-4a01-8d3d-9f5b9001901e"},"done":false}
[debug] [2025-10-03T03:04:47.811Z] [update-api-us-central1-signup] Retrying task index 0
[debug] [2025-10-03T03:04:47.813Z] Checked if tokens are valid: true, expires at: 1759463812949
[debug] [2025-10-03T03:04:47.822Z] Checked if tokens are valid: true, expires at: 1759463812949
[debug] [2025-10-03T03:04:47.822Z] >>> [apiv2][query] GET https://cloudfunctions.googleapis.com/v2/projects/tradehustleresumebuilder/locations/us-central1/operations/operation-1759460682252-640385cf64280-febd7690-fd6539d1 [none]
[debug] [2025-10-03T03:04:48.156Z] <<< [apiv2][status] GET https://cloudfunctions.googleapis.com/v2/projects/tradehustleresumebuilder/locations/us-central1/operations/operation-1759460682252-640385cf64280-febd7690-fd6539d1 200
[debug] [2025-10-03T03:04:48.157Z] <<< [apiv2][body] GET https://cloudfunctions.googleapis.com/v2/projects/tradehustleresumebuilder/locations/us-central1/operations/operation-1759460682252-640385cf64280-febd7690-fd6539d1 {"name":"projects/tradehustleresumebuilder/locations/us-central1/operations/operation-1759460682252-640385cf64280-febd7690-fd6539d1","metadata":{"@type":"type.googleapis.com/google.cloud.functions.v2.OperationMetadata","createTime":"2025-10-03T03:04:43.321581500Z","target":"projects/tradehustleresumebuilder/locations/us-central1/functions/signup","verb":"update","cancelRequested":false,"apiVersion":"v2","requestResource":{"@type":"type.googleapis.com/google.cloud.functions.v2.Function","name":"projects/tradehustleresumebuilder/locations/us-central1/functions/signup","buildConfig":{"runtime":"nodejs20","entryPoint":"signup","source":{"storageSource":{"bucket":"gcf-v2-sources-190054658629-us-central1","object":"signup/function-source.zip","generation":"1759460683251312"}},"environmentVariables":{"GOOGLE_NODE_RUN_SCRIPTS":""},"dockerRepository":"projects/tradehustleresumebuilder/locations/us-central1/repositories/gcf-artifacts","sourceProvenance":{"resolvedStorageSource":{"bucket":"gcf-v2-sources-190054658629-us-central1","object":"signup/function-source.zip","generation":"1759018503859711"}},"dockerRegistry":"ARTIFACT_REGISTRY","serviceAccount":"projects/tradehustleresumebuilder/serviceAccounts/190054658629-compute@developer.gserviceaccount.com","automaticUpdatePolicy":{}},"serviceConfig":{"service":"projects/tradehustleresumebuilder/locations/us-central1/services/signup","timeoutSeconds":60,"environmentVariables":{"FIREBASE_CONFIG":"{\"projectId\":\"tradehustleresumebuilder\",\"storageBucket\":\"tradehustleresumebuilder.firebasestorage.app\"}","GCLOUD_PROJECT":"tradehustleresumebuilder","EVENTARC_CLOUD_EVENT_SOURCE":"projects/tradehustleresumebuilder/locations/us-central1/services/signup","FUNCTION_TARGET":"signup","LOG_EXECUTION_ID":"true"},"maxInstanceCount":10,"ingressSettings":"ALLOW_ALL","uri":"https://signup-fbs5jy4frq-uc.a.run.app","serviceAccountEmail":"190054658629-compute@developer.gserviceaccount.com","availableMemory":"256Mi","allTrafficOnLatestRevision":true,"revision":"signup-00004-xus","maxInstanceRequestConcurrency":80,"availableCpu":"1"},"state":"ACTIVE","labels":{"deployment-tool":"cli-firebase","firebase-functions-codebase":"api","firebase-functions-hash":"48895a4938f9c29e75e87d17a82b3023593a75f1"},"environment":"GEN_2","url":"https://us-central1-tradehustleresumebuilder.cloudfunctions.net/signup","satisfiesPzi":true},"stages":[{"name":"BUILD","message":"Build in progress","state":"IN_PROGRESS","resource":"projects/190054658629/locations/us-central1/builds/2cfd6820-565a-4b9c-9c26-921d656b9c3b","resourceUri":"https://console.cloud.google.com/cloud-build/builds;region=us-central1/2cfd6820-565a-4b9c-9c26-921d656b9c3b?project=190054658629"},{"name":"SERVICE","state":"NOT_STARTED"}],"operationType":"UPDATE_FUNCTION","buildName":"projects/190054658629/locations/us-central1/builds/2cfd6820-565a-4b9c-9c26-921d656b9c3b"},"done":false}
[debug] [2025-10-03T03:04:48.246Z] [update-api-us-central1-unlockResume] Retrying task index 0
[debug] [2025-10-03T03:04:48.250Z] Checked if tokens are valid: true, expires at: 1759463812949
[debug] [2025-10-03T03:04:48.252Z] Checked if tokens are valid: true, expires at: 1759463812949
[debug] [2025-10-03T03:04:48.257Z] >>> [apiv2][query] GET https://cloudfunctions.googleapis.com/v2/projects/tradehustleresumebuilder/locations/us-central1/operations/operation-1759460683376-640385d0766e0-5d738f95-635cfae4 [none]
[debug] [2025-10-03T03:04:48.511Z] [update-api-us-central1-verifyRecaptcha] Retrying task index 0
[debug] [2025-10-03T03:04:48.516Z] Checked if tokens are valid: true, expires at: 1759463812949
[debug] [2025-10-03T03:04:48.517Z] Checked if tokens are valid: true, expires at: 1759463812949
[debug] [2025-10-03T03:04:48.530Z] >>> [apiv2][query] GET https://cloudfunctions.googleapis.com/v2/projects/tradehustleresumebuilder/locations/us-central1/operations/operation-1759460683256-640385d059422-d4b7e2a3-a0dd2e46 [none]
[debug] [2025-10-03T03:04:48.585Z] [update-api-us-central1-editResume] Retrying task index 0
[debug] [2025-10-03T03:04:48.586Z] Checked if tokens are valid: true, expires at: 1759463812949
[debug] [2025-10-03T03:04:48.586Z] Checked if tokens are valid: true, expires at: 1759463812949
[debug] [2025-10-03T03:04:48.588Z] >>> [apiv2][query] GET https://cloudfunctions.googleapis.com/v2/projects/tradehustleresumebuilder/locations/us-central1/operations/operation-1759460683220-640385d050780-931bc711-df8c57df [none]
[debug] [2025-10-03T03:04:48.869Z] <<< [apiv2][status] GET https://cloudfunctions.googleapis.com/v2/projects/tradehustleresumebuilder/locations/us-central1/operations/operation-1759460683376-640385d0766e0-5d738f95-635cfae4 200
[debug] [2025-10-03T03:04:48.871Z] <<< [apiv2][body] GET https://cloudfunctions.googleapis.com/v2/projects/tradehustleresumebuilder/locations/us-central1/operations/operation-1759460683376-640385d0766e0-5d738f95-635cfae4 {"name":"projects/tradehustleresumebuilder/locations/us-central1/operations/operation-1759460683376-640385d0766e0-5d738f95-635cfae4","metadata":{"@type":"type.googleapis.com/google.cloud.functions.v2.OperationMetadata","createTime":"2025-10-03T03:04:44.206659015Z","target":"projects/tradehustleresumebuilder/locations/us-central1/functions/unlockResume","verb":"update","cancelRequested":false,"apiVersion":"v2","requestResource":{"@type":"type.googleapis.com/google.cloud.functions.v2.Function","name":"projects/tradehustleresumebuilder/locations/us-central1/functions/unlockResume","buildConfig":{"runtime":"nodejs20","entryPoint":"unlockResume","source":{"storageSource":{"bucket":"gcf-v2-sources-190054658629-us-central1","object":"unlockResume/function-source.zip","generation":"1759460684145341"}},"environmentVariables":{"GOOGLE_NODE_RUN_SCRIPTS":""},"dockerRepository":"projects/tradehustleresumebuilder/locations/us-central1/repositories/gcf-artifacts","sourceProvenance":{"resolvedStorageSource":{"bucket":"gcf-v2-sources-190054658629-us-central1","object":"unlockResume/function-source.zip","generation":"1759018561278253"}},"dockerRegistry":"ARTIFACT_REGISTRY","serviceAccount":"projects/tradehustleresumebuilder/serviceAccounts/190054658629-compute@developer.gserviceaccount.com","automaticUpdatePolicy":{}},"serviceConfig":{"service":"projects/tradehustleresumebuilder/locations/us-central1/services/unlockresume","timeoutSeconds":60,"environmentVariables":{"FIREBASE_CONFIG":"{\"projectId\":\"tradehustleresumebuilder\",\"storageBucket\":\"tradehustleresumebuilder.firebasestorage.app\"}","GCLOUD_PROJECT":"tradehustleresumebuilder","EVENTARC_CLOUD_EVENT_SOURCE":"projects/tradehustleresumebuilder/locations/us-central1/services/unlockResume","FUNCTION_TARGET":"unlockResume","LOG_EXECUTION_ID":"true","FUNCTION_SIGNATURE_TYPE":"http"},"maxInstanceCount":10,"ingressSettings":"ALLOW_ALL","uri":"https://unlockresume-fbs5jy4frq-uc.a.run.app","serviceAccountEmail":"190054658629-compute@developer.gserviceaccount.com","availableMemory":"256Mi","allTrafficOnLatestRevision":true,"revision":"unlockresume-00004-fit","maxInstanceRequestConcurrency":80,"availableCpu":"1"},"state":"ACTIVE","labels":{"deployment-tool":"cli-firebase","firebase-functions-codebase":"api","firebase-functions-hash":"48895a4938f9c29e75e87d17a82b3023593a75f1"},"environment":"GEN_2","url":"https://us-central1-tradehustleresumebuilder.cloudfunctions.net/unlockResume","satisfiesPzi":true},"stages":[{"name":"BUILD","message":"Build in progress","state":"IN_PROGRESS","resource":"projects/190054658629/locations/us-central1/builds/7196e188-8eee-4023-a908-ccd3432d03c7","resourceUri":"https://console.cloud.google.com/cloud-build/builds;region=us-central1/7196e188-8eee-4023-a908-ccd3432d03c7?project=190054658629"},{"name":"SERVICE","state":"NOT_STARTED"}],"operationType":"UPDATE_FUNCTION","buildName":"projects/190054658629/locations/us-central1/builds/7196e188-8eee-4023-a908-ccd3432d03c7"},"done":false}
[debug] [2025-10-03T03:04:49.179Z] <<< [apiv2][status] GET https://cloudfunctions.googleapis.com/v2/projects/tradehustleresumebuilder/locations/us-central1/operations/operation-1759460683256-640385d059422-d4b7e2a3-a0dd2e46 200
[debug] [2025-10-03T03:04:49.180Z] <<< [apiv2][body] GET https://cloudfunctions.googleapis.com/v2/projects/tradehustleresumebuilder/locations/us-central1/operations/operation-1759460683256-640385d059422-d4b7e2a3-a0dd2e46 {"name":"projects/tradehustleresumebuilder/locations/us-central1/operations/operation-1759460683256-640385d059422-d4b7e2a3-a0dd2e46","metadata":{"@type":"type.googleapis.com/google.cloud.functions.v2.OperationMetadata","createTime":"2025-10-03T03:04:44.047481879Z","target":"projects/tradehustleresumebuilder/locations/us-central1/functions/verifyRecaptcha","verb":"update","cancelRequested":false,"apiVersion":"v2","requestResource":{"@type":"type.googleapis.com/google.cloud.functions.v2.Function","name":"projects/tradehustleresumebuilder/locations/us-central1/functions/verifyRecaptcha","buildConfig":{"runtime":"nodejs20","entryPoint":"verifyRecaptcha","source":{"storageSource":{"bucket":"gcf-v2-sources-190054658629-us-central1","object":"verifyRecaptcha/function-source.zip","generation":"1759460683994511"}},"environmentVariables":{"GOOGLE_NODE_RUN_SCRIPTS":""},"dockerRepository":"projects/tradehustleresumebuilder/locations/us-central1/repositories/gcf-artifacts","sourceProvenance":{"resolvedStorageSource":{"bucket":"gcf-v2-sources-190054658629-us-central1","object":"verifyRecaptcha/function-source.zip","generation":"1759384359137891"}},"dockerRegistry":"ARTIFACT_REGISTRY","serviceAccount":"projects/tradehustleresumebuilder/serviceAccounts/190054658629-compute@developer.gserviceaccount.com","automaticUpdatePolicy":{}},"serviceConfig":{"service":"projects/tradehustleresumebuilder/locations/us-central1/services/verifyrecaptcha","timeoutSeconds":60,"environmentVariables":{"FIREBASE_CONFIG":"{\"projectId\":\"tradehustleresumebuilder\",\"storageBucket\":\"tradehustleresumebuilder.firebasestorage.app\"}","GCLOUD_PROJECT":"tradehustleresumebuilder","EVENTARC_CLOUD_EVENT_SOURCE":"projects/tradehustleresumebuilder/locations/us-central1/services/verifyRecaptcha","FUNCTION_TARGET":"verifyRecaptcha","LOG_EXECUTION_ID":"true"},"maxInstanceCount":10,"ingressSettings":"ALLOW_ALL","serviceAccountEmail":"190054658629-compute@developer.gserviceaccount.com","availableMemory":"256Mi","maxInstanceRequestConcurrency":80,"availableCpu":"1"},"state":"UNKNOWN","labels":{"firebase-functions-codebase":"api","firebase-functions-hash":"48895a4938f9c29e75e87d17a82b3023593a75f1"},"stateMessages":[{"severity":"ERROR","type":"CloudRunServiceNotFound","message":"Cloud Run service projects/tradehustleresumebuilder/locations/us-central1/services/verifyrecaptcha for the function was not found. The function will not work correctly. Please redeploy."}],"environment":"GEN_2","url":"https://us-central1-tradehustleresumebuilder.cloudfunctions.net/verifyRecaptcha","satisfiesPzi":true},"stages":[{"name":"BUILD","message":"Build in progress","state":"IN_PROGRESS","resource":"projects/190054658629/locations/us-central1/builds/91c3dfcc-6e0b-4a16-be4d-010e7bd99af6","resourceUri":"https://console.cloud.google.com/cloud-build/builds;region=us-central1/91c3dfcc-6e0b-4a16-be4d-010e7bd99af6?project=190054658629"},{"name":"SERVICE","state":"NOT_STARTED"}],"operationType":"UPDATE_FUNCTION","buildName":"projects/190054658629/locations/us-central1/builds/91c3dfcc-6e0b-4a16-be4d-010e7bd99af6"},"done":false}
[debug] [2025-10-03T03:04:49.194Z] <<< [apiv2][status] GET https://cloudfunctions.googleapis.com/v2/projects/tradehustleresumebuilder/locations/us-central1/operations/operation-1759460683220-640385d050780-931bc711-df8c57df 200
[debug] [2025-10-03T03:04:49.195Z] <<< [apiv2][body] GET https://cloudfunctions.googleapis.com/v2/projects/tradehustleresumebuilder/locations/us-central1/operations/operation-1759460683220-640385d050780-931bc711-df8c57df {"name":"projects/tradehustleresumebuilder/locations/us-central1/operations/operation-1759460683220-640385d050780-931bc711-df8c57df","metadata":{"@type":"type.googleapis.com/google.cloud.functions.v2.OperationMetadata","createTime":"2025-10-03T03:04:44.134620141Z","target":"projects/tradehustleresumebuilder/locations/us-central1/functions/editResume","verb":"update","cancelRequested":false,"apiVersion":"v2","requestResource":{"@type":"type.googleapis.com/google.cloud.functions.v2.Function","name":"projects/tradehustleresumebuilder/locations/us-central1/functions/editResume","buildConfig":{"runtime":"nodejs20","entryPoint":"editResume","source":{"storageSource":{"bucket":"gcf-v2-sources-190054658629-us-central1","object":"editResume/function-source.zip","generation":"1759460684059344"}},"environmentVariables":{"GOOGLE_NODE_RUN_SCRIPTS":""},"dockerRepository":"projects/tradehustleresumebuilder/locations/us-central1/repositories/gcf-artifacts","sourceProvenance":{"resolvedStorageSource":{"bucket":"gcf-v2-sources-190054658629-us-central1","object":"editResume/function-source.zip","generation":"1759018561219565"}},"dockerRegistry":"ARTIFACT_REGISTRY","serviceAccount":"projects/tradehustleresumebuilder/serviceAccounts/190054658629-compute@developer.gserviceaccount.com","automaticUpdatePolicy":{}},"serviceConfig":{"service":"projects/tradehustleresumebuilder/locations/us-central1/services/editresume","timeoutSeconds":60,"environmentVariables":{"FIREBASE_CONFIG":"{\"projectId\":\"tradehustleresumebuilder\",\"storageBucket\":\"tradehustleresumebuilder.firebasestorage.app\"}","GCLOUD_PROJECT":"tradehustleresumebuilder","EVENTARC_CLOUD_EVENT_SOURCE":"projects/tradehustleresumebuilder/locations/us-central1/services/editResume","FUNCTION_TARGET":"editResume","LOG_EXECUTION_ID":"true","FUNCTION_SIGNATURE_TYPE":"http"},"maxInstanceCount":10,"ingressSettings":"ALLOW_ALL","uri":"https://editresume-fbs5jy4frq-uc.a.run.app","serviceAccountEmail":"190054658629-compute@developer.gserviceaccount.com","availableMemory":"256Mi","allTrafficOnLatestRevision":true,"revision":"editresume-00004-tiy","maxInstanceRequestConcurrency":80,"availableCpu":"1"},"state":"ACTIVE","labels":{"deployment-tool":"cli-firebase","firebase-functions-codebase":"api","firebase-functions-hash":"48895a4938f9c29e75e87d17a82b3023593a75f1"},"environment":"GEN_2","url":"https://us-central1-tradehustleresumebuilder.cloudfunctions.net/editResume","satisfiesPzi":true},"stages":[{"name":"BUILD","message":"Build in progress","state":"IN_PROGRESS","resource":"projects/190054658629/locations/us-central1/builds/e1235c0f-f017-4a01-8d3d-9f5b9001901e","resourceUri":"https://console.cloud.google.com/cloud-build/builds;region=us-central1/e1235c0f-f017-4a01-8d3d-9f5b9001901e?project=190054658629"},{"name":"SERVICE","state":"NOT_STARTED"}],"operationType":"UPDATE_FUNCTION","buildName":"projects/190054658629/locations/us-central1/builds/e1235c0f-f017-4a01-8d3d-9f5b9001901e"},"done":false}
[debug] [2025-10-03T03:04:52.168Z] [update-api-us-central1-signup] Retrying task index 0
[debug] [2025-10-03T03:04:52.169Z] Checked if tokens are valid: true, expires at: 1759463812949
[debug] [2025-10-03T03:04:52.170Z] Checked if tokens are valid: true, expires at: 1759463812949
[debug] [2025-10-03T03:04:52.171Z] >>> [apiv2][query] GET https://cloudfunctions.googleapis.com/v2/projects/tradehustleresumebuilder/locations/us-central1/operations/operation-1759460682252-640385cf64280-febd7690-fd6539d1 [none]
[debug] [2025-10-03T03:04:52.465Z] <<< [apiv2][status] GET https://cloudfunctions.googleapis.com/v2/projects/tradehustleresumebuilder/locations/us-central1/operations/operation-1759460682252-640385cf64280-febd7690-fd6539d1 200
[debug] [2025-10-03T03:04:52.466Z] <<< [apiv2][body] GET https://cloudfunctions.googleapis.com/v2/projects/tradehustleresumebuilder/locations/us-central1/operations/operation-1759460682252-640385cf64280-febd7690-fd6539d1 {"name":"projects/tradehustleresumebuilder/locations/us-central1/operations/operation-1759460682252-640385cf64280-febd7690-fd6539d1","metadata":{"@type":"type.googleapis.com/google.cloud.functions.v2.OperationMetadata","createTime":"2025-10-03T03:04:43.321581500Z","target":"projects/tradehustleresumebuilder/locations/us-central1/functions/signup","verb":"update","cancelRequested":false,"apiVersion":"v2","requestResource":{"@type":"type.googleapis.com/google.cloud.functions.v2.Function","name":"projects/tradehustleresumebuilder/locations/us-central1/functions/signup","buildConfig":{"runtime":"nodejs20","entryPoint":"signup","source":{"storageSource":{"bucket":"gcf-v2-sources-190054658629-us-central1","object":"signup/function-source.zip","generation":"1759460683251312"}},"environmentVariables":{"GOOGLE_NODE_RUN_SCRIPTS":""},"dockerRepository":"projects/tradehustleresumebuilder/locations/us-central1/repositories/gcf-artifacts","sourceProvenance":{"resolvedStorageSource":{"bucket":"gcf-v2-sources-190054658629-us-central1","object":"signup/function-source.zip","generation":"1759018503859711"}},"dockerRegistry":"ARTIFACT_REGISTRY","serviceAccount":"projects/tradehustleresumebuilder/serviceAccounts/190054658629-compute@developer.gserviceaccount.com","automaticUpdatePolicy":{}},"serviceConfig":{"service":"projects/tradehustleresumebuilder/locations/us-central1/services/signup","timeoutSeconds":60,"environmentVariables":{"FIREBASE_CONFIG":"{\"projectId\":\"tradehustleresumebuilder\",\"storageBucket\":\"tradehustleresumebuilder.firebasestorage.app\"}","GCLOUD_PROJECT":"tradehustleresumebuilder","EVENTARC_CLOUD_EVENT_SOURCE":"projects/tradehustleresumebuilder/locations/us-central1/services/signup","FUNCTION_TARGET":"signup","LOG_EXECUTION_ID":"true"},"maxInstanceCount":10,"ingressSettings":"ALLOW_ALL","uri":"https://signup-fbs5jy4frq-uc.a.run.app","serviceAccountEmail":"190054658629-compute@developer.gserviceaccount.com","availableMemory":"256Mi","allTrafficOnLatestRevision":true,"revision":"signup-00004-xus","maxInstanceRequestConcurrency":80,"availableCpu":"1"},"state":"ACTIVE","labels":{"deployment-tool":"cli-firebase","firebase-functions-codebase":"api","firebase-functions-hash":"48895a4938f9c29e75e87d17a82b3023593a75f1"},"environment":"GEN_2","url":"https://us-central1-tradehustleresumebuilder.cloudfunctions.net/signup","satisfiesPzi":true},"stages":[{"name":"BUILD","message":"Build in progress","state":"IN_PROGRESS","resource":"projects/190054658629/locations/us-central1/builds/2cfd6820-565a-4b9c-9c26-921d656b9c3b","resourceUri":"https://console.cloud.google.com/cloud-build/builds;region=us-central1/2cfd6820-565a-4b9c-9c26-921d656b9c3b?project=190054658629"},{"name":"SERVICE","state":"NOT_STARTED"}],"operationType":"UPDATE_FUNCTION","buildName":"projects/190054658629/locations/us-central1/builds/2cfd6820-565a-4b9c-9c26-921d656b9c3b"},"done":false}
[debug] [2025-10-03T03:04:52.875Z] [update-api-us-central1-unlockResume] Retrying task index 0
[debug] [2025-10-03T03:04:52.877Z] Checked if tokens are valid: true, expires at: 1759463812949
[debug] [2025-10-03T03:04:52.877Z] Checked if tokens are valid: true, expires at: 1759463812949
[debug] [2025-10-03T03:04:52.878Z] >>> [apiv2][query] GET https://cloudfunctions.googleapis.com/v2/projects/tradehustleresumebuilder/locations/us-central1/operations/operation-1759460683376-640385d0766e0-5d738f95-635cfae4 [none]
[debug] [2025-10-03T03:04:53.203Z] [update-api-us-central1-verifyRecaptcha] Retrying task index 0
[debug] [2025-10-03T03:04:53.204Z] Checked if tokens are valid: true, expires at: 1759463812949
[debug] [2025-10-03T03:04:53.204Z] Checked if tokens are valid: true, expires at: 1759463812949
[debug] [2025-10-03T03:04:53.210Z] >>> [apiv2][query] GET https://cloudfunctions.googleapis.com/v2/projects/tradehustleresumebuilder/locations/us-central1/operations/operation-1759460683256-640385d059422-d4b7e2a3-a0dd2e46 [none]
[debug] [2025-10-03T03:04:53.215Z] [update-api-us-central1-editResume] Retrying task index 0
[debug] [2025-10-03T03:04:53.216Z] Checked if tokens are valid: true, expires at: 1759463812949
[debug] [2025-10-03T03:04:53.217Z] Checked if tokens are valid: true, expires at: 1759463812949
[debug] [2025-10-03T03:04:53.217Z] >>> [apiv2][query] GET https://cloudfunctions.googleapis.com/v2/projects/tradehustleresumebuilder/locations/us-central1/operations/operation-1759460683220-640385d050780-931bc711-df8c57df [none]
[debug] [2025-10-03T03:04:53.483Z] <<< [apiv2][status] GET https://cloudfunctions.googleapis.com/v2/projects/tradehustleresumebuilder/locations/us-central1/operations/operation-1759460683376-640385d0766e0-5d738f95-635cfae4 200
[debug] [2025-10-03T03:04:53.484Z] <<< [apiv2][body] GET https://cloudfunctions.googleapis.com/v2/projects/tradehustleresumebuilder/locations/us-central1/operations/operation-1759460683376-640385d0766e0-5d738f95-635cfae4 {"name":"projects/tradehustleresumebuilder/locations/us-central1/operations/operation-1759460683376-640385d0766e0-5d738f95-635cfae4","metadata":{"@type":"type.googleapis.com/google.cloud.functions.v2.OperationMetadata","createTime":"2025-10-03T03:04:44.206659015Z","target":"projects/tradehustleresumebuilder/locations/us-central1/functions/unlockResume","verb":"update","cancelRequested":false,"apiVersion":"v2","requestResource":{"@type":"type.googleapis.com/google.cloud.functions.v2.Function","name":"projects/tradehustleresumebuilder/locations/us-central1/functions/unlockResume","buildConfig":{"runtime":"nodejs20","entryPoint":"unlockResume","source":{"storageSource":{"bucket":"gcf-v2-sources-190054658629-us-central1","object":"unlockResume/function-source.zip","generation":"1759460684145341"}},"environmentVariables":{"GOOGLE_NODE_RUN_SCRIPTS":""},"dockerRepository":"projects/tradehustleresumebuilder/locations/us-central1/repositories/gcf-artifacts","sourceProvenance":{"resolvedStorageSource":{"bucket":"gcf-v2-sources-190054658629-us-central1","object":"unlockResume/function-source.zip","generation":"1759018561278253"}},"dockerRegistry":"ARTIFACT_REGISTRY","serviceAccount":"projects/tradehustleresumebuilder/serviceAccounts/190054658629-compute@developer.gserviceaccount.com","automaticUpdatePolicy":{}},"serviceConfig":{"service":"projects/tradehustleresumebuilder/locations/us-central1/services/unlockresume","timeoutSeconds":60,"environmentVariables":{"FIREBASE_CONFIG":"{\"projectId\":\"tradehustleresumebuilder\",\"storageBucket\":\"tradehustleresumebuilder.firebasestorage.app\"}","GCLOUD_PROJECT":"tradehustleresumebuilder","EVENTARC_CLOUD_EVENT_SOURCE":"projects/tradehustleresumebuilder/locations/us-central1/services/unlockResume","FUNCTION_TARGET":"unlockResume","LOG_EXECUTION_ID":"true","FUNCTION_SIGNATURE_TYPE":"http"},"maxInstanceCount":10,"ingressSettings":"ALLOW_ALL","uri":"https://unlockresume-fbs5jy4frq-uc.a.run.app","serviceAccountEmail":"190054658629-compute@developer.gserviceaccount.com","availableMemory":"256Mi","allTrafficOnLatestRevision":true,"revision":"unlockresume-00004-fit","maxInstanceRequestConcurrency":80,"availableCpu":"1"},"state":"ACTIVE","labels":{"deployment-tool":"cli-firebase","firebase-functions-codebase":"api","firebase-functions-hash":"48895a4938f9c29e75e87d17a82b3023593a75f1"},"environment":"GEN_2","url":"https://us-central1-tradehustleresumebuilder.cloudfunctions.net/unlockResume","satisfiesPzi":true},"stages":[{"name":"BUILD","message":"Build in progress","state":"IN_PROGRESS","resource":"projects/190054658629/locations/us-central1/builds/7196e188-8eee-4023-a908-ccd3432d03c7","resourceUri":"https://console.cloud.google.com/cloud-build/builds;region=us-central1/7196e188-8eee-4023-a908-ccd3432d03c7?project=190054658629"},{"name":"SERVICE","state":"NOT_STARTED"}],"operationType":"UPDATE_FUNCTION","buildName":"projects/190054658629/locations/us-central1/builds/7196e188-8eee-4023-a908-ccd3432d03c7"},"done":false}
[debug] [2025-10-03T03:04:53.792Z] <<< [apiv2][status] GET https://cloudfunctions.googleapis.com/v2/projects/tradehustleresumebuilder/locations/us-central1/operations/operation-1759460683220-640385d050780-931bc711-df8c57df 200
[debug] [2025-10-03T03:04:53.793Z] <<< [apiv2][body] GET https://cloudfunctions.googleapis.com/v2/projects/tradehustleresumebuilder/locations/us-central1/operations/operation-1759460683220-640385d050780-931bc711-df8c57df {"name":"projects/tradehustleresumebuilder/locations/us-central1/operations/operation-1759460683220-640385d050780-931bc711-df8c57df","metadata":{"@type":"type.googleapis.com/google.cloud.functions.v2.OperationMetadata","createTime":"2025-10-03T03:04:44.134620141Z","target":"projects/tradehustleresumebuilder/locations/us-central1/functions/editResume","verb":"update","cancelRequested":false,"apiVersion":"v2","requestResource":{"@type":"type.googleapis.com/google.cloud.functions.v2.Function","name":"projects/tradehustleresumebuilder/locations/us-central1/functions/editResume","buildConfig":{"runtime":"nodejs20","entryPoint":"editResume","source":{"storageSource":{"bucket":"gcf-v2-sources-190054658629-us-central1","object":"editResume/function-source.zip","generation":"1759460684059344"}},"environmentVariables":{"GOOGLE_NODE_RUN_SCRIPTS":""},"dockerRepository":"projects/tradehustleresumebuilder/locations/us-central1/repositories/gcf-artifacts","sourceProvenance":{"resolvedStorageSource":{"bucket":"gcf-v2-sources-190054658629-us-central1","object":"editResume/function-source.zip","generation":"1759018561219565"}},"dockerRegistry":"ARTIFACT_REGISTRY","serviceAccount":"projects/tradehustleresumebuilder/serviceAccounts/190054658629-compute@developer.gserviceaccount.com","automaticUpdatePolicy":{}},"serviceConfig":{"service":"projects/tradehustleresumebuilder/locations/us-central1/services/editresume","timeoutSeconds":60,"environmentVariables":{"FIREBASE_CONFIG":"{\"projectId\":\"tradehustleresumebuilder\",\"storageBucket\":\"tradehustleresumebuilder.firebasestorage.app\"}","GCLOUD_PROJECT":"tradehustleresumebuilder","EVENTARC_CLOUD_EVENT_SOURCE":"projects/tradehustleresumebuilder/locations/us-central1/services/editResume","FUNCTION_TARGET":"editResume","LOG_EXECUTION_ID":"true","FUNCTION_SIGNATURE_TYPE":"http"},"maxInstanceCount":10,"ingressSettings":"ALLOW_ALL","uri":"https://editresume-fbs5jy4frq-uc.a.run.app","serviceAccountEmail":"190054658629-compute@developer.gserviceaccount.com","availableMemory":"256Mi","allTrafficOnLatestRevision":true,"revision":"editresume-00004-tiy","maxInstanceRequestConcurrency":80,"availableCpu":"1"},"state":"ACTIVE","labels":{"deployment-tool":"cli-firebase","firebase-functions-codebase":"api","firebase-functions-hash":"48895a4938f9c29e75e87d17a82b3023593a75f1"},"environment":"GEN_2","url":"https://us-central1-tradehustleresumebuilder.cloudfunctions.net/editResume","satisfiesPzi":true},"stages":[{"name":"BUILD","message":"Build in progress","state":"IN_PROGRESS","resource":"projects/190054658629/locations/us-central1/builds/e1235c0f-f017-4a01-8d3d-9f5b9001901e","resourceUri":"https://console.cloud.google.com/cloud-build/builds;region=us-central1/e1235c0f-f017-4a01-8d3d-9f5b9001901e?project=190054658629"},{"name":"SERVICE","state":"NOT_STARTED"}],"operationType":"UPDATE_FUNCTION","buildName":"projects/190054658629/locations/us-central1/builds/e1235c0f-f017-4a01-8d3d-9f5b9001901e"},"done":false}
[debug] [2025-10-03T03:04:53.801Z] <<< [apiv2][status] GET https://cloudfunctions.googleapis.com/v2/projects/tradehustleresumebuilder/locations/us-central1/operations/operation-1759460683256-640385d059422-d4b7e2a3-a0dd2e46 200
[debug] [2025-10-03T03:04:53.802Z] <<< [apiv2][body] GET https://cloudfunctions.googleapis.com/v2/projects/tradehustleresumebuilder/locations/us-central1/operations/operation-1759460683256-640385d059422-d4b7e2a3-a0dd2e46 {"name":"projects/tradehustleresumebuilder/locations/us-central1/operations/operation-1759460683256-640385d059422-d4b7e2a3-a0dd2e46","metadata":{"@type":"type.googleapis.com/google.cloud.functions.v2.OperationMetadata","createTime":"2025-10-03T03:04:44.047481879Z","target":"projects/tradehustleresumebuilder/locations/us-central1/functions/verifyRecaptcha","verb":"update","cancelRequested":false,"apiVersion":"v2","requestResource":{"@type":"type.googleapis.com/google.cloud.functions.v2.Function","name":"projects/tradehustleresumebuilder/locations/us-central1/functions/verifyRecaptcha","buildConfig":{"runtime":"nodejs20","entryPoint":"verifyRecaptcha","source":{"storageSource":{"bucket":"gcf-v2-sources-190054658629-us-central1","object":"verifyRecaptcha/function-source.zip","generation":"1759460683994511"}},"environmentVariables":{"GOOGLE_NODE_RUN_SCRIPTS":""},"dockerRepository":"projects/tradehustleresumebuilder/locations/us-central1/repositories/gcf-artifacts","sourceProvenance":{"resolvedStorageSource":{"bucket":"gcf-v2-sources-190054658629-us-central1","object":"verifyRecaptcha/function-source.zip","generation":"1759384359137891"}},"dockerRegistry":"ARTIFACT_REGISTRY","serviceAccount":"projects/tradehustleresumebuilder/serviceAccounts/190054658629-compute@developer.gserviceaccount.com","automaticUpdatePolicy":{}},"serviceConfig":{"service":"projects/tradehustleresumebuilder/locations/us-central1/services/verifyrecaptcha","timeoutSeconds":60,"environmentVariables":{"FIREBASE_CONFIG":"{\"projectId\":\"tradehustleresumebuilder\",\"storageBucket\":\"tradehustleresumebuilder.firebasestorage.app\"}","GCLOUD_PROJECT":"tradehustleresumebuilder","EVENTARC_CLOUD_EVENT_SOURCE":"projects/tradehustleresumebuilder/locations/us-central1/services/verifyRecaptcha","FUNCTION_TARGET":"verifyRecaptcha","LOG_EXECUTION_ID":"true"},"maxInstanceCount":10,"ingressSettings":"ALLOW_ALL","serviceAccountEmail":"190054658629-compute@developer.gserviceaccount.com","availableMemory":"256Mi","maxInstanceRequestConcurrency":80,"availableCpu":"1"},"state":"UNKNOWN","labels":{"firebase-functions-codebase":"api","firebase-functions-hash":"48895a4938f9c29e75e87d17a82b3023593a75f1"},"stateMessages":[{"severity":"ERROR","type":"CloudRunServiceNotFound","message":"Cloud Run service projects/tradehustleresumebuilder/locations/us-central1/services/verifyrecaptcha for the function was not found. The function will not work correctly. Please redeploy."}],"environment":"GEN_2","url":"https://us-central1-tradehustleresumebuilder.cloudfunctions.net/verifyRecaptcha","satisfiesPzi":true},"stages":[{"name":"BUILD","message":"Build in progress","state":"IN_PROGRESS","resource":"projects/190054658629/locations/us-central1/builds/91c3dfcc-6e0b-4a16-be4d-010e7bd99af6","resourceUri":"https://console.cloud.google.com/cloud-build/builds;region=us-central1/91c3dfcc-6e0b-4a16-be4d-010e7bd99af6?project=190054658629"},{"name":"SERVICE","state":"NOT_STARTED"}],"operationType":"UPDATE_FUNCTION","buildName":"projects/190054658629/locations/us-central1/builds/91c3dfcc-6e0b-4a16-be4d-010e7bd99af6"},"done":false}
[debug] [2025-10-03T03:05:00.470Z] [update-api-us-central1-signup] Retrying task index 0
[debug] [2025-10-03T03:05:00.473Z] Checked if tokens are valid: true, expires at: 1759463812949
[debug] [2025-10-03T03:05:00.474Z] Checked if tokens are valid: true, expires at: 1759463812949
[debug] [2025-10-03T03:05:00.475Z] >>> [apiv2][query] GET https://cloudfunctions.googleapis.com/v2/projects/tradehustleresumebuilder/locations/us-central1/operations/operation-1759460682252-640385cf64280-febd7690-fd6539d1 [none]
[debug] [2025-10-03T03:05:01.485Z] [update-api-us-central1-unlockResume] Retrying task index 0
[debug] [2025-10-03T03:05:01.486Z] Checked if tokens are valid: true, expires at: 1759463812949
[debug] [2025-10-03T03:05:01.486Z] Checked if tokens are valid: true, expires at: 1759463812949
[debug] [2025-10-03T03:05:01.487Z] >>> [apiv2][query] GET https://cloudfunctions.googleapis.com/v2/projects/tradehustleresumebuilder/locations/us-central1/operations/operation-1759460683376-640385d0766e0-5d738f95-635cfae4 [none]
[debug] [2025-10-03T03:05:01.796Z] [update-api-us-central1-editResume] Retrying task index 0
[debug] [2025-10-03T03:05:01.797Z] Checked if tokens are valid: true, expires at: 1759463812949
[debug] [2025-10-03T03:05:01.797Z] Checked if tokens are valid: true, expires at: 1759463812949
[debug] [2025-10-03T03:05:01.798Z] >>> [apiv2][query] GET https://cloudfunctions.googleapis.com/v2/projects/tradehustleresumebuilder/locations/us-central1/operations/operation-1759460683220-640385d050780-931bc711-df8c57df [none]
[debug] [2025-10-03T03:05:01.812Z] [update-api-us-central1-verifyRecaptcha] Retrying task index 0
[debug] [2025-10-03T03:05:01.814Z] Checked if tokens are valid: true, expires at: 1759463812949
[debug] [2025-10-03T03:05:01.814Z] Checked if tokens are valid: true, expires at: 1759463812949
[debug] [2025-10-03T03:05:01.814Z] >>> [apiv2][query] GET https://cloudfunctions.googleapis.com/v2/projects/tradehustleresumebuilder/locations/us-central1/operations/operation-1759460683256-640385d059422-d4b7e2a3-a0dd2e46 [none]
[debug] [2025-10-03T03:05:02.287Z] <<< [apiv2][status] GET https://cloudfunctions.googleapis.com/v2/projects/tradehustleresumebuilder/locations/us-central1/operations/operation-1759460683376-640385d0766e0-5d738f95-635cfae4 200
[debug] [2025-10-03T03:05:02.292Z] <<< [apiv2][body] GET https://cloudfunctions.googleapis.com/v2/projects/tradehustleresumebuilder/locations/us-central1/operations/operation-1759460683376-640385d0766e0-5d738f95-635cfae4 {"name":"projects/tradehustleresumebuilder/locations/us-central1/operations/operation-1759460683376-640385d0766e0-5d738f95-635cfae4","metadata":{"@type":"type.googleapis.com/google.cloud.functions.v2.OperationMetadata","createTime":"2025-10-03T03:04:44.206659015Z","target":"projects/tradehustleresumebuilder/locations/us-central1/functions/unlockResume","verb":"update","cancelRequested":false,"apiVersion":"v2","requestResource":{"@type":"type.googleapis.com/google.cloud.functions.v2.Function","name":"projects/tradehustleresumebuilder/locations/us-central1/functions/unlockResume","buildConfig":{"runtime":"nodejs20","entryPoint":"unlockResume","source":{"storageSource":{"bucket":"gcf-v2-sources-190054658629-us-central1","object":"unlockResume/function-source.zip","generation":"1759460684145341"}},"environmentVariables":{"GOOGLE_NODE_RUN_SCRIPTS":""},"dockerRepository":"projects/tradehustleresumebuilder/locations/us-central1/repositories/gcf-artifacts","sourceProvenance":{"resolvedStorageSource":{"bucket":"gcf-v2-sources-190054658629-us-central1","object":"unlockResume/function-source.zip","generation":"1759018561278253"}},"dockerRegistry":"ARTIFACT_REGISTRY","serviceAccount":"projects/tradehustleresumebuilder/serviceAccounts/190054658629-compute@developer.gserviceaccount.com","automaticUpdatePolicy":{}},"serviceConfig":{"service":"projects/tradehustleresumebuilder/locations/us-central1/services/unlockresume","timeoutSeconds":60,"environmentVariables":{"FIREBASE_CONFIG":"{\"projectId\":\"tradehustleresumebuilder\",\"storageBucket\":\"tradehustleresumebuilder.firebasestorage.app\"}","GCLOUD_PROJECT":"tradehustleresumebuilder","EVENTARC_CLOUD_EVENT_SOURCE":"projects/tradehustleresumebuilder/locations/us-central1/services/unlockResume","FUNCTION_TARGET":"unlockResume","LOG_EXECUTION_ID":"true","FUNCTION_SIGNATURE_TYPE":"http"},"maxInstanceCount":10,"ingressSettings":"ALLOW_ALL","uri":"https://unlockresume-fbs5jy4frq-uc.a.run.app","serviceAccountEmail":"190054658629-compute@developer.gserviceaccount.com","availableMemory":"256Mi","allTrafficOnLatestRevision":true,"revision":"unlockresume-00004-fit","maxInstanceRequestConcurrency":80,"availableCpu":"1"},"state":"ACTIVE","labels":{"deployment-tool":"cli-firebase","firebase-functions-codebase":"api","firebase-functions-hash":"48895a4938f9c29e75e87d17a82b3023593a75f1"},"environment":"GEN_2","url":"https://us-central1-tradehustleresumebuilder.cloudfunctions.net/unlockResume","satisfiesPzi":true},"stages":[{"name":"BUILD","message":"Build in progress","state":"IN_PROGRESS","resource":"projects/190054658629/locations/us-central1/builds/7196e188-8eee-4023-a908-ccd3432d03c7","resourceUri":"https://console.cloud.google.com/cloud-build/builds;region=us-central1/7196e188-8eee-4023-a908-ccd3432d03c7?project=190054658629"},{"name":"SERVICE","state":"NOT_STARTED"}],"operationType":"UPDATE_FUNCTION","buildName":"projects/190054658629/locations/us-central1/builds/7196e188-8eee-4023-a908-ccd3432d03c7"},"done":false}
[debug] [2025-10-03T03:05:02.480Z] <<< [apiv2][status] GET https://cloudfunctions.googleapis.com/v2/projects/tradehustleresumebuilder/locations/us-central1/operations/operation-1759460683256-640385d059422-d4b7e2a3-a0dd2e46 200
[debug] [2025-10-03T03:05:02.482Z] <<< [apiv2][body] GET https://cloudfunctions.googleapis.com/v2/projects/tradehustleresumebuilder/locations/us-central1/operations/operation-1759460683256-640385d059422-d4b7e2a3-a0dd2e46 {"name":"projects/tradehustleresumebuilder/locations/us-central1/operations/operation-1759460683256-640385d059422-d4b7e2a3-a0dd2e46","metadata":{"@type":"type.googleapis.com/google.cloud.functions.v2.OperationMetadata","createTime":"2025-10-03T03:04:44.047481879Z","endTime":"2025-10-03T03:04:58.612006382Z","target":"projects/tradehustleresumebuilder/locations/us-central1/functions/verifyRecaptcha","verb":"update","cancelRequested":false,"apiVersion":"v2","requestResource":{"@type":"type.googleapis.com/google.cloud.functions.v2.Function","name":"projects/tradehustleresumebuilder/locations/us-central1/functions/verifyRecaptcha","buildConfig":{"runtime":"nodejs20","entryPoint":"verifyRecaptcha","source":{"storageSource":{"bucket":"gcf-v2-sources-190054658629-us-central1","object":"verifyRecaptcha/function-source.zip","generation":"1759460683994511"}},"environmentVariables":{"GOOGLE_NODE_RUN_SCRIPTS":""},"dockerRepository":"projects/tradehustleresumebuilder/locations/us-central1/repositories/gcf-artifacts","sourceProvenance":{"resolvedStorageSource":{"bucket":"gcf-v2-sources-190054658629-us-central1","object":"verifyRecaptcha/function-source.zip","generation":"1759384359137891"}},"dockerRegistry":"ARTIFACT_REGISTRY","serviceAccount":"projects/tradehustleresumebuilder/serviceAccounts/190054658629-compute@developer.gserviceaccount.com","automaticUpdatePolicy":{}},"serviceConfig":{"service":"projects/tradehustleresumebuilder/locations/us-central1/services/verifyrecaptcha","timeoutSeconds":60,"environmentVariables":{"FIREBASE_CONFIG":"{\"projectId\":\"tradehustleresumebuilder\",\"storageBucket\":\"tradehustleresumebuilder.firebasestorage.app\"}","GCLOUD_PROJECT":"tradehustleresumebuilder","EVENTARC_CLOUD_EVENT_SOURCE":"projects/tradehustleresumebuilder/locations/us-central1/services/verifyRecaptcha","FUNCTION_TARGET":"verifyRecaptcha","LOG_EXECUTION_ID":"true"},"maxInstanceCount":10,"ingressSettings":"ALLOW_ALL","serviceAccountEmail":"190054658629-compute@developer.gserviceaccount.com","availableMemory":"256Mi","maxInstanceRequestConcurrency":80,"availableCpu":"1"},"state":"UNKNOWN","labels":{"firebase-functions-codebase":"api","firebase-functions-hash":"48895a4938f9c29e75e87d17a82b3023593a75f1"},"stateMessages":[{"severity":"ERROR","type":"CloudRunServiceNotFound","message":"Cloud Run service projects/tradehustleresumebuilder/locations/us-central1/services/verifyrecaptcha for the function was not found. The function will not work correctly. Please redeploy."}],"environment":"GEN_2","url":"https://us-central1-tradehustleresumebuilder.cloudfunctions.net/verifyRecaptcha","satisfiesPzi":true},"stages":[{"name":"SERVICE","state":"NOT_STARTED"}],"operationType":"UPDATE_FUNCTION"},"done":true,"error":{"code":3,"message":"Build failed with status: FAILURE. Could not build the function due to a missing permission on the build service account. If you didn't revoke that permission explicitly, this could be caused by a change in the organization policies. Please refer to the following documentation for more details and resolution: https://cloud.google.com/functions/docs/troubleshooting#build-service-account\n You can also view the logs at https://console.cloud.google.com/cloud-build/builds;region=us-central1/91c3dfcc-6e0b-4a16-be4d-010e7bd99af6?project=190054658629.\n"}}
[debug] [2025-10-03T03:05:02.485Z] Got source token undefined for region us-central1
[error] Build failed with status: FAILURE. Could not build the function due to a missing permission on the build service account. If you didn't revoke that permission explicitly, this could be caused by a change in the organization policies. Please refer to the following documentation for more details and resolution: https://cloud.google.com/functions/docs/troubleshooting#build-service-account
 You can also view the logs at https://console.cloud.google.com/cloud-build/builds;region=us-central1/91c3dfcc-6e0b-4a16-be4d-010e7bd99af6?project=190054658629.

[debug] [2025-10-03T03:05:02.623Z] <<< [apiv2][status] GET https://cloudfunctions.googleapis.com/v2/projects/tradehustleresumebuilder/locations/us-central1/operations/operation-1759460683220-640385d050780-931bc711-df8c57df 200
[debug] [2025-10-03T03:05:02.625Z] <<< [apiv2][body] GET https://cloudfunctions.googleapis.com/v2/projects/tradehustleresumebuilder/locations/us-central1/operations/operation-1759460683220-640385d050780-931bc711-df8c57df {"name":"projects/tradehustleresumebuilder/locations/us-central1/operations/operation-1759460683220-640385d050780-931bc711-df8c57df","metadata":{"@type":"type.googleapis.com/google.cloud.functions.v2.OperationMetadata","createTime":"2025-10-03T03:04:44.134620141Z","endTime":"2025-10-03T03:05:00.866575510Z","target":"projects/tradehustleresumebuilder/locations/us-central1/functions/editResume","verb":"update","cancelRequested":false,"apiVersion":"v2","requestResource":{"@type":"type.googleapis.com/google.cloud.functions.v2.Function","name":"projects/tradehustleresumebuilder/locations/us-central1/functions/editResume","buildConfig":{"runtime":"nodejs20","entryPoint":"editResume","source":{"storageSource":{"bucket":"gcf-v2-sources-190054658629-us-central1","object":"editResume/function-source.zip","generation":"1759460684059344"}},"environmentVariables":{"GOOGLE_NODE_RUN_SCRIPTS":""},"dockerRepository":"projects/tradehustleresumebuilder/locations/us-central1/repositories/gcf-artifacts","sourceProvenance":{"resolvedStorageSource":{"bucket":"gcf-v2-sources-190054658629-us-central1","object":"editResume/function-source.zip","generation":"1759018561219565"}},"dockerRegistry":"ARTIFACT_REGISTRY","serviceAccount":"projects/tradehustleresumebuilder/serviceAccounts/190054658629-compute@developer.gserviceaccount.com","automaticUpdatePolicy":{}},"serviceConfig":{"service":"projects/tradehustleresumebuilder/locations/us-central1/services/editresume","timeoutSeconds":60,"environmentVariables":{"FIREBASE_CONFIG":"{\"projectId\":\"tradehustleresumebuilder\",\"storageBucket\":\"tradehustleresumebuilder.firebasestorage.app\"}","GCLOUD_PROJECT":"tradehustleresumebuilder","EVENTARC_CLOUD_EVENT_SOURCE":"projects/tradehustleresumebuilder/locations/us-central1/services/editResume","FUNCTION_TARGET":"editResume","LOG_EXECUTION_ID":"true","FUNCTION_SIGNATURE_TYPE":"http"},"maxInstanceCount":10,"ingressSettings":"ALLOW_ALL","uri":"https://editresume-fbs5jy4frq-uc.a.run.app","serviceAccountEmail":"190054658629-compute@developer.gserviceaccount.com","availableMemory":"256Mi","allTrafficOnLatestRevision":true,"revision":"editresume-00004-tiy","maxInstanceRequestConcurrency":80,"availableCpu":"1"},"state":"ACTIVE","labels":{"deployment-tool":"cli-firebase","firebase-functions-codebase":"api","firebase-functions-hash":"48895a4938f9c29e75e87d17a82b3023593a75f1"},"environment":"GEN_2","url":"https://us-central1-tradehustleresumebuilder.cloudfunctions.net/editResume","satisfiesPzi":true},"stages":[{"name":"SERVICE","state":"NOT_STARTED"}],"operationType":"UPDATE_FUNCTION"},"done":true,"error":{"code":3,"message":"Build failed with status: FAILURE. Could not build the function due to a missing permission on the build service account. If you didn't revoke that permission explicitly, this could be caused by a change in the organization policies. Please refer to the following documentation for more details and resolution: https://cloud.google.com/functions/docs/troubleshooting#build-service-account\n You can also view the logs at https://console.cloud.google.com/cloud-build/builds;region=us-central1/e1235c0f-f017-4a01-8d3d-9f5b9001901e?project=190054658629.\n"}}
[debug] [2025-10-03T03:05:02.626Z] Got source token undefined for region us-central1
[error] Build failed with status: FAILURE. Could not build the function due to a missing permission on the build service account. If you didn't revoke that permission explicitly, this could be caused by a change in the organization policies. Please refer to the following documentation for more details and resolution: https://cloud.google.com/functions/docs/troubleshooting#build-service-account
 You can also view the logs at https://console.cloud.google.com/cloud-build/builds;region=us-central1/e1235c0f-f017-4a01-8d3d-9f5b9001901e?project=190054658629.

[debug] [2025-10-03T03:05:02.767Z] <<< [apiv2][status] GET https://cloudfunctions.googleapis.com/v2/projects/tradehustleresumebuilder/locations/us-central1/operations/operation-1759460682252-640385cf64280-febd7690-fd6539d1 200
[debug] [2025-10-03T03:05:02.772Z] <<< [apiv2][body] GET https://cloudfunctions.googleapis.com/v2/projects/tradehustleresumebuilder/locations/us-central1/operations/operation-1759460682252-640385cf64280-febd7690-fd6539d1 {"name":"projects/tradehustleresumebuilder/locations/us-central1/operations/operation-1759460682252-640385cf64280-febd7690-fd6539d1","metadata":{"@type":"type.googleapis.com/google.cloud.functions.v2.OperationMetadata","createTime":"2025-10-03T03:04:43.321581500Z","endTime":"2025-10-03T03:04:59.769277207Z","target":"projects/tradehustleresumebuilder/locations/us-central1/functions/signup","verb":"update","cancelRequested":false,"apiVersion":"v2","requestResource":{"@type":"type.googleapis.com/google.cloud.functions.v2.Function","name":"projects/tradehustleresumebuilder/locations/us-central1/functions/signup","buildConfig":{"runtime":"nodejs20","entryPoint":"signup","source":{"storageSource":{"bucket":"gcf-v2-sources-190054658629-us-central1","object":"signup/function-source.zip","generation":"1759460683251312"}},"environmentVariables":{"GOOGLE_NODE_RUN_SCRIPTS":""},"dockerRepository":"projects/tradehustleresumebuilder/locations/us-central1/repositories/gcf-artifacts","sourceProvenance":{"resolvedStorageSource":{"bucket":"gcf-v2-sources-190054658629-us-central1","object":"signup/function-source.zip","generation":"1759018503859711"}},"dockerRegistry":"ARTIFACT_REGISTRY","serviceAccount":"projects/tradehustleresumebuilder/serviceAccounts/190054658629-compute@developer.gserviceaccount.com","automaticUpdatePolicy":{}},"serviceConfig":{"service":"projects/tradehustleresumebuilder/locations/us-central1/services/signup","timeoutSeconds":60,"environmentVariables":{"FIREBASE_CONFIG":"{\"projectId\":\"tradehustleresumebuilder\",\"storageBucket\":\"tradehustleresumebuilder.firebasestorage.app\"}","GCLOUD_PROJECT":"tradehustleresumebuilder","EVENTARC_CLOUD_EVENT_SOURCE":"projects/tradehustleresumebuilder/locations/us-central1/services/signup","FUNCTION_TARGET":"signup","LOG_EXECUTION_ID":"true"},"maxInstanceCount":10,"ingressSettings":"ALLOW_ALL","uri":"https://signup-fbs5jy4frq-uc.a.run.app","serviceAccountEmail":"190054658629-compute@developer.gserviceaccount.com","availableMemory":"256Mi","allTrafficOnLatestRevision":true,"revision":"signup-00004-xus","maxInstanceRequestConcurrency":80,"availableCpu":"1"},"state":"ACTIVE","labels":{"deployment-tool":"cli-firebase","firebase-functions-codebase":"api","firebase-functions-hash":"48895a4938f9c29e75e87d17a82b3023593a75f1"},"environment":"GEN_2","url":"https://us-central1-tradehustleresumebuilder.cloudfunctions.net/signup","satisfiesPzi":true},"stages":[{"name":"SERVICE","state":"NOT_STARTED"}],"operationType":"UPDATE_FUNCTION"},"done":true,"error":{"code":3,"message":"Build failed with status: FAILURE. Could not build the function due to a missing permission on the build service account. If you didn't revoke that permission explicitly, this could be caused by a change in the organization policies. Please refer to the following documentation for more details and resolution: https://cloud.google.com/functions/docs/troubleshooting#build-service-account\n You can also view the logs at https://console.cloud.google.com/cloud-build/builds;region=us-central1/2cfd6820-565a-4b9c-9c26-921d656b9c3b?project=190054658629.\n"}}
[debug] [2025-10-03T03:05:02.773Z] Got source token undefined for region us-central1
[error] Build failed with status: FAILURE. Could not build the function due to a missing permission on the build service account. If you didn't revoke that permission explicitly, this could be caused by a change in the organization policies. Please refer to the following documentation for more details and resolution: https://cloud.google.com/functions/docs/troubleshooting#build-service-account
 You can also view the logs at https://console.cloud.google.com/cloud-build/builds;region=us-central1/2cfd6820-565a-4b9c-9c26-921d656b9c3b?project=190054658629.

[debug] [2025-10-03T03:05:12.303Z] [update-api-us-central1-unlockResume] Retrying task index 0
[debug] [2025-10-03T03:05:12.304Z] Checked if tokens are valid: true, expires at: 1759463812949
[debug] [2025-10-03T03:05:12.304Z] Checked if tokens are valid: true, expires at: 1759463812949
[debug] [2025-10-03T03:05:12.304Z] >>> [apiv2][query] GET https://cloudfunctions.googleapis.com/v2/projects/tradehustleresumebuilder/locations/us-central1/operations/operation-1759460683376-640385d0766e0-5d738f95-635cfae4 [none]
[debug] [2025-10-03T03:05:15.771Z] <<< [apiv2][status] GET https://cloudfunctions.googleapis.com/v2/projects/tradehustleresumebuilder/locations/us-central1/operations/operation-1759460683376-640385d0766e0-5d738f95-635cfae4 200
[debug] [2025-10-03T03:05:15.772Z] <<< [apiv2][body] GET https://cloudfunctions.googleapis.com/v2/projects/tradehustleresumebuilder/locations/us-central1/operations/operation-1759460683376-640385d0766e0-5d738f95-635cfae4 {"name":"projects/tradehustleresumebuilder/locations/us-central1/operations/operation-1759460683376-640385d0766e0-5d738f95-635cfae4","metadata":{"@type":"type.googleapis.com/google.cloud.functions.v2.OperationMetadata","createTime":"2025-10-03T03:04:44.206659015Z","endTime":"2025-10-03T03:05:05.627649136Z","target":"projects/tradehustleresumebuilder/locations/us-central1/functions/unlockResume","verb":"update","cancelRequested":false,"apiVersion":"v2","requestResource":{"@type":"type.googleapis.com/google.cloud.functions.v2.Function","name":"projects/tradehustleresumebuilder/locations/us-central1/functions/unlockResume","buildConfig":{"runtime":"nodejs20","entryPoint":"unlockResume","source":{"storageSource":{"bucket":"gcf-v2-sources-190054658629-us-central1","object":"unlockResume/function-source.zip","generation":"1759460684145341"}},"environmentVariables":{"GOOGLE_NODE_RUN_SCRIPTS":""},"dockerRepository":"projects/tradehustleresumebuilder/locations/us-central1/repositories/gcf-artifacts","sourceProvenance":{"resolvedStorageSource":{"bucket":"gcf-v2-sources-190054658629-us-central1","object":"unlockResume/function-source.zip","generation":"1759018561278253"}},"dockerRegistry":"ARTIFACT_REGISTRY","serviceAccount":"projects/tradehustleresumebuilder/serviceAccounts/190054658629-compute@developer.gserviceaccount.com","automaticUpdatePolicy":{}},"serviceConfig":{"service":"projects/tradehustleresumebuilder/locations/us-central1/services/unlockresume","timeoutSeconds":60,"environmentVariables":{"FIREBASE_CONFIG":"{\"projectId\":\"tradehustleresumebuilder\",\"storageBucket\":\"tradehustleresumebuilder.firebasestorage.app\"}","GCLOUD_PROJECT":"tradehustleresumebuilder","EVENTARC_CLOUD_EVENT_SOURCE":"projects/tradehustleresumebuilder/locations/us-central1/services/unlockResume","FUNCTION_TARGET":"unlockResume","LOG_EXECUTION_ID":"true","FUNCTION_SIGNATURE_TYPE":"http"},"maxInstanceCount":10,"ingressSettings":"ALLOW_ALL","uri":"https://unlockresume-fbs5jy4frq-uc.a.run.app","serviceAccountEmail":"190054658629-compute@developer.gserviceaccount.com","availableMemory":"256Mi","allTrafficOnLatestRevision":true,"revision":"unlockresume-00004-fit","maxInstanceRequestConcurrency":80,"availableCpu":"1"},"state":"ACTIVE","labels":{"deployment-tool":"cli-firebase","firebase-functions-codebase":"api","firebase-functions-hash":"48895a4938f9c29e75e87d17a82b3023593a75f1"},"environment":"GEN_2","url":"https://us-central1-tradehustleresumebuilder.cloudfunctions.net/unlockResume","satisfiesPzi":true},"stages":[{"name":"SERVICE","state":"NOT_STARTED"}],"operationType":"UPDATE_FUNCTION"},"done":true,"error":{"code":3,"message":"Build failed with status: FAILURE. Could not build the function due to a missing permission on the build service account. If you didn't revoke that permission explicitly, this could be caused by a change in the organization policies. Please refer to the following documentation for more details and resolution: https://cloud.google.com/functions/docs/troubleshooting#build-service-account\n You can also view the logs at https://console.cloud.google.com/cloud-build/builds;region=us-central1/7196e188-8eee-4023-a908-ccd3432d03c7?project=190054658629.\n"}}
[debug] [2025-10-03T03:05:15.772Z] Got source token undefined for region us-central1
[error] Build failed with status: FAILURE. Could not build the function due to a missing permission on the build service account. If you didn't revoke that permission explicitly, this could be caused by a change in the organization policies. Please refer to the following documentation for more details and resolution: https://cloud.google.com/functions/docs/troubleshooting#build-service-account
 You can also view the logs at https://console.cloud.google.com/cloud-build/builds;region=us-central1/7196e188-8eee-4023-a908-ccd3432d03c7?project=190054658629.

[debug] [2025-10-03T03:05:16.203Z] Total Function Deployment time: 69324
[debug] [2025-10-03T03:05:16.204Z] 6 Functions Deployed
[debug] [2025-10-03T03:05:16.204Z] 5 Functions Errored
[debug] [2025-10-03T03:05:16.204Z] 0 Function Deployments Aborted
[debug] [2025-10-03T03:05:16.213Z] Average Function Deployment time: 46269.833333333336
[info] 
[info] Functions deploy had errors with the following functions:
	api:editResume(us-central1)
	api:healthCheck(us-central1)
	api:signup(us-central1)
	api:unlockResume(us-central1)
	api:verifyRecaptcha(us-central1)
[debug] [2025-10-03T03:05:19.664Z] Not printing URL for HTTPS function. Typically this means it didn't match a filter or we failed deployment
[debug] [2025-10-03T03:05:19.734Z] Not printing URL for HTTPS function. Typically this means it didn't match a filter or we failed deployment
[debug] [2025-10-03T03:05:19.734Z] Not printing URL for HTTPS function. Typically this means it didn't match a filter or we failed deployment
[debug] [2025-10-03T03:05:19.734Z] Not printing URL for HTTPS function. Typically this means it didn't match a filter or we failed deployment
[debug] [2025-10-03T03:05:19.734Z] Not printing URL for HTTPS function. Typically this means it didn't match a filter or we failed deployment
[debug] [2025-10-03T03:05:19.739Z] Checked if tokens are valid: true, expires at: 1759463812949
[debug] [2025-10-03T03:05:19.739Z] Checked if tokens are valid: true, expires at: 1759463812949
[debug] [2025-10-03T03:05:19.747Z] >>> [apiv2][query] GET https://artifactregistry.googleapis.com/v1/projects/tradehustleresumebuilder/locations/us-central1/repositories/gcf-artifacts [none]
[debug] [2025-10-03T03:05:21.188Z] <<< [apiv2][status] GET https://artifactregistry.googleapis.com/v1/projects/tradehustleresumebuilder/locations/us-central1/repositories/gcf-artifacts 200
[debug] [2025-10-03T03:05:21.242Z] <<< [apiv2][body] GET https://artifactregistry.googleapis.com/v1/projects/tradehustleresumebuilder/locations/us-central1/repositories/gcf-artifacts {"name":"projects/tradehustleresumebuilder/locations/us-central1/repositories/gcf-artifacts","format":"DOCKER","description":"This repository is created and used by Cloud Functions for storing function docker images.","labels":{"goog-managed-by":"cloudfunctions"},"createTime":"2025-09-19T06:58:37.474450Z","updateTime":"2025-10-02T05:49:36.491443Z","mode":"STANDARD_REPOSITORY","cleanupPolicies":{"firebase-functions-cleanup":{"id":"firebase-functions-cleanup","action":"DELETE","condition":{"tagState":"ANY","olderThan":"604800s"}}},"sizeBytes":"200893821","vulnerabilityScanningConfig":{"lastEnableTime":"2025-09-19T06:58:28.763862167Z","enablementState":"SCANNING_DISABLED","enablementStateReason":"API containerscanning.googleapis.com is not enabled."},"satisfiesPzi":true,"registryUri":"us-central1-docker.pkg.dev/tradehustleresumebuilder/gcf-artifacts"}
[debug] [2025-10-03T03:05:21.272Z] Functions deploy failed.
[debug] [2025-10-03T03:05:21.273Z] {
  "endpoint": {
    "id": "healthCheck",
    "project": "tradehustleresumebuilder",
    "region": "us-central1",
    "entryPoint": "healthCheck",
    "platform": "gcfv2",
    "runtime": "nodejs20",
    "httpsTrigger": {},
    "labels": {
      "deployment-tool": "cli-firebase"
    },
    "serviceAccount": null,
    "ingressSettings": null,
    "availableMemoryMb": null,
    "timeoutSeconds": null,
    "maxInstances": 10,
    "minInstances": null,
    "concurrency": 80,
    "vpc": null,
    "environmentVariables": {
      "FIREBASE_CONFIG": "{\"projectId\":\"tradehustleresumebuilder\",\"storageBucket\":\"tradehustleresumebuilder.firebasestorage.app\"}",
      "GCLOUD_PROJECT": "tradehustleresumebuilder",
      "EVENTARC_CLOUD_EVENT_SOURCE": "projects/tradehustleresumebuilder/locations/us-central1/services/healthCheck"
    },
    "codebase": "api",
    "cpu": 1,
    "targetedByOnly": true,
    "hash": "48895a4938f9c29e75e87d17a82b3023593a75f1"
  },
  "op": "create",
  "original": {
    "name": "FirebaseError",
    "children": [],
    "exit": 1,
    "message": "Build failed with status: FAILURE. Could not build the function due to a missing permission on the build service account. If you didn't revoke that permission explicitly, this could be caused by a change in the organization policies. Please refer to the following documentation for more details and resolution: https://cloud.google.com/functions/docs/troubleshooting#build-service-account\n You can also view the logs at https://console.cloud.google.com/cloud-build/builds;region=us-central1/32f1d893-3cf9-4723-92b1-543d0c4562c5?project=190054658629.\n",
    "original": {
      "code": 3,
      "message": "Build failed with status: FAILURE. Could not build the function due to a missing permission on the build service account. If you didn't revoke that permission explicitly, this could be caused by a change in the organization policies. Please refer to the following documentation for more details and resolution: https://cloud.google.com/functions/docs/troubleshooting#build-service-account\n You can also view the logs at https://console.cloud.google.com/cloud-build/builds;region=us-central1/32f1d893-3cf9-4723-92b1-543d0c4562c5?project=190054658629.\n"
    },
    "status": 3,
    "code": 3
  }
}
[debug] [2025-10-03T03:05:21.556Z] {
  "endpoint": {
    "id": "verifyRecaptcha",
    "project": "tradehustleresumebuilder",
    "region": "us-central1",
    "entryPoint": "verifyRecaptcha",
    "platform": "gcfv2",
    "runtime": "nodejs20",
    "httpsTrigger": {},
    "labels": {
      "deployment-tool": "cli-firebase"
    },
    "serviceAccount": null,
    "ingressSettings": null,
    "availableMemoryMb": null,
    "timeoutSeconds": null,
    "maxInstances": 10,
    "minInstances": null,
    "concurrency": 80,
    "vpc": null,
    "environmentVariables": {
      "FIREBASE_CONFIG": "{\"projectId\":\"tradehustleresumebuilder\",\"storageBucket\":\"tradehustleresumebuilder.firebasestorage.app\"}",
      "GCLOUD_PROJECT": "tradehustleresumebuilder",
      "EVENTARC_CLOUD_EVENT_SOURCE": "projects/tradehustleresumebuilder/locations/us-central1/services/verifyRecaptcha"
    },
    "codebase": "api",
    "securityLevel": "SECURE_ALWAYS",
    "cpu": 1,
    "targetedByOnly": true,
    "hash": "48895a4938f9c29e75e87d17a82b3023593a75f1"
  },
  "op": "update",
  "original": {
    "name": "FirebaseError",
    "children": [],
    "exit": 1,
    "message": "Build failed with status: FAILURE. Could not build the function due to a missing permission on the build service account. If you didn't revoke that permission explicitly, this could be caused by a change in the organization policies. Please refer to the following documentation for more details and resolution: https://cloud.google.com/functions/docs/troubleshooting#build-service-account\n You can also view the logs at https://console.cloud.google.com/cloud-build/builds;region=us-central1/91c3dfcc-6e0b-4a16-be4d-010e7bd99af6?project=190054658629.\n",
    "original": {
      "code": 3,
      "message": "Build failed with status: FAILURE. Could not build the function due to a missing permission on the build service account. If you didn't revoke that permission explicitly, this could be caused by a change in the organization policies. Please refer to the following documentation for more details and resolution: https://cloud.google.com/functions/docs/troubleshooting#build-service-account\n You can also view the logs at https://console.cloud.google.com/cloud-build/builds;region=us-central1/91c3dfcc-6e0b-4a16-be4d-010e7bd99af6?project=190054658629.\n"
    },
    "status": 3,
    "code": 3
  }
}
[debug] [2025-10-03T03:05:21.557Z] {
  "endpoint": {
    "id": "editResume",
    "project": "tradehustleresumebuilder",
    "region": "us-central1",
    "entryPoint": "editResume",
    "platform": "gcfv2",
    "runtime": "nodejs20",
    "httpsTrigger": {},
    "labels": {
      "deployment-tool": "cli-firebase"
    },
    "serviceAccount": null,
    "ingressSettings": null,
    "availableMemoryMb": null,
    "timeoutSeconds": null,
    "maxInstances": 10,
    "minInstances": null,
    "concurrency": 80,
    "vpc": null,
    "environmentVariables": {
      "FIREBASE_CONFIG": "{\"projectId\":\"tradehustleresumebuilder\",\"storageBucket\":\"tradehustleresumebuilder.firebasestorage.app\"}",
      "GCLOUD_PROJECT": "tradehustleresumebuilder",
      "EVENTARC_CLOUD_EVENT_SOURCE": "projects/tradehustleresumebuilder/locations/us-central1/services/editResume",
      "FUNCTION_TARGET": "editResume",
      "LOG_EXECUTION_ID": "true",
      "FUNCTION_SIGNATURE_TYPE": "http"
    },
    "codebase": "api",
    "runServiceId": "editresume",
    "cpu": 1,
    "securityLevel": "SECURE_ALWAYS",
    "targetedByOnly": true,
    "hash": "48895a4938f9c29e75e87d17a82b3023593a75f1"
  },
  "op": "update",
  "original": {
    "name": "FirebaseError",
    "children": [],
    "exit": 1,
    "message": "Build failed with status: FAILURE. Could not build the function due to a missing permission on the build service account. If you didn't revoke that permission explicitly, this could be caused by a change in the organization policies. Please refer to the following documentation for more details and resolution: https://cloud.google.com/functions/docs/troubleshooting#build-service-account\n You can also view the logs at https://console.cloud.google.com/cloud-build/builds;region=us-central1/e1235c0f-f017-4a01-8d3d-9f5b9001901e?project=190054658629.\n",
    "original": {
      "code": 3,
      "message": "Build failed with status: FAILURE. Could not build the function due to a missing permission on the build service account. If you didn't revoke that permission explicitly, this could be caused by a change in the organization policies. Please refer to the following documentation for more details and resolution: https://cloud.google.com/functions/docs/troubleshooting#build-service-account\n You can also view the logs at https://console.cloud.google.com/cloud-build/builds;region=us-central1/e1235c0f-f017-4a01-8d3d-9f5b9001901e?project=190054658629.\n"
    },
    "status": 3,
    "code": 3
  }
}
[debug] [2025-10-03T03:05:21.558Z] {
  "endpoint": {
    "id": "signup",
    "project": "tradehustleresumebuilder",
    "region": "us-central1",
    "entryPoint": "signup",
    "platform": "gcfv2",
    "runtime": "nodejs20",
    "httpsTrigger": {},
    "labels": {
      "deployment-tool": "cli-firebase"
    },
    "serviceAccount": null,
    "ingressSettings": null,
    "availableMemoryMb": null,
    "timeoutSeconds": null,
    "maxInstances": 10,
    "minInstances": null,
    "concurrency": 80,
    "vpc": null,
    "environmentVariables": {
      "FIREBASE_CONFIG": "{\"projectId\":\"tradehustleresumebuilder\",\"storageBucket\":\"tradehustleresumebuilder.firebasestorage.app\"}",
      "GCLOUD_PROJECT": "tradehustleresumebuilder",
      "EVENTARC_CLOUD_EVENT_SOURCE": "projects/tradehustleresumebuilder/locations/us-central1/services/signup",
      "FUNCTION_TARGET": "signup",
      "LOG_EXECUTION_ID": "true"
    },
    "codebase": "api",
    "runServiceId": "signup",
    "cpu": 1,
    "securityLevel": "SECURE_ALWAYS",
    "targetedByOnly": true,
    "hash": "48895a4938f9c29e75e87d17a82b3023593a75f1"
  },
  "op": "update",
  "original": {
    "name": "FirebaseError",
    "children": [],
    "exit": 1,
    "message": "Build failed with status: FAILURE. Could not build the function due to a missing permission on the build service account. If you didn't revoke that permission explicitly, this could be caused by a change in the organization policies. Please refer to the following documentation for more details and resolution: https://cloud.google.com/functions/docs/troubleshooting#build-service-account\n You can also view the logs at https://console.cloud.google.com/cloud-build/builds;region=us-central1/2cfd6820-565a-4b9c-9c26-921d656b9c3b?project=190054658629.\n",
    "original": {
      "code": 3,
      "message": "Build failed with status: FAILURE. Could not build the function due to a missing permission on the build service account. If you didn't revoke that permission explicitly, this could be caused by a change in the organization policies. Please refer to the following documentation for more details and resolution: https://cloud.google.com/functions/docs/troubleshooting#build-service-account\n You can also view the logs at https://console.cloud.google.com/cloud-build/builds;region=us-central1/2cfd6820-565a-4b9c-9c26-921d656b9c3b?project=190054658629.\n"
    },
    "status": 3,
    "code": 3
  }
}
[debug] [2025-10-03T03:05:21.558Z] {
  "endpoint": {
    "id": "unlockResume",
    "project": "tradehustleresumebuilder",
    "region": "us-central1",
    "entryPoint": "unlockResume",
    "platform": "gcfv2",
    "runtime": "nodejs20",
    "httpsTrigger": {},
    "labels": {
      "deployment-tool": "cli-firebase"
    },
    "serviceAccount": null,
    "ingressSettings": null,
    "availableMemoryMb": null,
    "timeoutSeconds": null,
    "maxInstances": 10,
    "minInstances": null,
    "concurrency": 80,
    "vpc": null,
    "environmentVariables": {
      "FIREBASE_CONFIG": "{\"projectId\":\"tradehustleresumebuilder\",\"storageBucket\":\"tradehustleresumebuilder.firebasestorage.app\"}",
      "GCLOUD_PROJECT": "tradehustleresumebuilder",
      "EVENTARC_CLOUD_EVENT_SOURCE": "projects/tradehustleresumebuilder/locations/us-central1/services/unlockResume",
      "FUNCTION_TARGET": "unlockResume",
      "LOG_EXECUTION_ID": "true",
      "FUNCTION_SIGNATURE_TYPE": "http"
    },
    "codebase": "api",
    "runServiceId": "unlockresume",
    "cpu": 1,
    "securityLevel": "SECURE_ALWAYS",
    "targetedByOnly": true,
    "hash": "48895a4938f9c29e75e87d17a82b3023593a75f1"
  },
  "op": "update",
  "original": {
    "name": "FirebaseError",
    "children": [],
    "exit": 1,
    "message": "Build failed with status: FAILURE. Could not build the function due to a missing permission on the build service account. If you didn't revoke that permission explicitly, this could be caused by a change in the organization policies. Please refer to the following documentation for more details and resolution: https://cloud.google.com/functions/docs/troubleshooting#build-service-account\n You can also view the logs at https://console.cloud.google.com/cloud-build/builds;region=us-central1/7196e188-8eee-4023-a908-ccd3432d03c7?project=190054658629.\n",
    "original": {
      "code": 3,
      "message": "Build failed with status: FAILURE. Could not build the function due to a missing permission on the build service account. If you didn't revoke that permission explicitly, this could be caused by a change in the organization policies. Please refer to the following documentation for more details and resolution: https://cloud.google.com/functions/docs/troubleshooting#build-service-account\n You can also view the logs at https://console.cloud.google.com/cloud-build/builds;region=us-central1/7196e188-8eee-4023-a908-ccd3432d03c7?project=190054658629.\n"
    },
    "status": 3,
    "code": 3
  }
}
[error] Error: There was an error deploying functions:
[error] - Error Failed to create function healthCheck in region us-central1
[error] - Error Failed to update function verifyRecaptcha in region us-central1
[error] - Error Failed to update function editResume in region us-central1
[error] - Error Failed to update function signup in region us-central1
[error] - Error Failed to update function unlockResume in region us-central1
